"sampleID","BUFFA_HYPOXIA_SCORE","cancer"
"TCGA.2F.A9KO.01",9,"BLCA"
"TCGA.2F.A9KP.01",15,"BLCA"
"TCGA.2F.A9KQ.01",15,"BLCA"
"TCGA.2F.A9KR.01",17,"BLCA"
"TCGA.2F.A9KT.01",19,"BLCA"
"TCGA.2F.A9KW.01",5,"BLCA"
"TCGA.4Z.AA7M.01",-3,"BLCA"
"TCGA.4Z.AA7N.01",-25,"BLCA"
"TCGA.4Z.AA7O.01",-1,"BLCA"
"TCGA.4Z.AA7Q.01",9,"BLCA"
"TCGA.4Z.AA7R.01",23,"BLCA"
"TCGA.4Z.AA7S.01",29,"BLCA"
"TCGA.4Z.AA7W.01",21,"BLCA"
"TCGA.4Z.AA7Y.01",29,"BLCA"
"TCGA.4Z.AA80.01",13,"BLCA"
"TCGA.4Z.AA81.01",25,"BLCA"
"TCGA.4Z.AA82.01",37,"BLCA"
"TCGA.4Z.AA83.01",7,"BLCA"
"TCGA.4Z.AA84.01",19,"BLCA"
"TCGA.4Z.AA86.01",39,"BLCA"
"TCGA.4Z.AA87.01",13,"BLCA"
"TCGA.4Z.AA89.01",23,"BLCA"
"TCGA.5N.A9KI.01",17,"BLCA"
"TCGA.5N.A9KM.01",3,"BLCA"
"TCGA.BL.A0C8.01",-11,"BLCA"
"TCGA.BL.A13I.01",21,"BLCA"
"TCGA.BL.A13J.01",21,"BLCA"
"TCGA.BL.A3JM.01",7,"BLCA"
"TCGA.BL.A5ZZ.01",45,"BLCA"
"TCGA.BT.A0S7.01",19,"BLCA"
"TCGA.BT.A0YX.01",33,"BLCA"
"TCGA.BT.A20J.01",19,"BLCA"
"TCGA.BT.A20N.01",35,"BLCA"
"TCGA.BT.A20O.01",-3,"BLCA"
"TCGA.BT.A20P.01",15,"BLCA"
"TCGA.BT.A20Q.01",-11,"BLCA"
"TCGA.BT.A20R.01",7,"BLCA"
"TCGA.BT.A20T.01",-3,"BLCA"
"TCGA.BT.A20U.01",19,"BLCA"
"TCGA.BT.A20V.01",23,"BLCA"
"TCGA.BT.A20W.01",9,"BLCA"
"TCGA.BT.A20X.01",51,"BLCA"
"TCGA.BT.A2LA.01",19,"BLCA"
"TCGA.BT.A2LB.01",27,"BLCA"
"TCGA.BT.A2LD.01",13,"BLCA"
"TCGA.BT.A3PH.01",17,"BLCA"
"TCGA.BT.A3PJ.01",33,"BLCA"
"TCGA.BT.A3PK.01",33,"BLCA"
"TCGA.BT.A42C.01",13,"BLCA"
"TCGA.BT.A42E.01",45,"BLCA"
"TCGA.BT.A42F.01",31,"BLCA"
"TCGA.C4.A0EZ.01",15,"BLCA"
"TCGA.C4.A0F0.01",39,"BLCA"
"TCGA.C4.A0F1.01",41,"BLCA"
"TCGA.C4.A0F6.01",13,"BLCA"
"TCGA.C4.A0F7.01",29,"BLCA"
"TCGA.CF.A1HR.01",-7,"BLCA"
"TCGA.CF.A1HS.01",39,"BLCA"
"TCGA.CF.A27C.01",3,"BLCA"
"TCGA.CF.A3MF.01",-33,"BLCA"
"TCGA.CF.A3MG.01",33,"BLCA"
"TCGA.CF.A3MH.01",15,"BLCA"
"TCGA.CF.A3MI.01",9,"BLCA"
"TCGA.CF.A47S.01",1,"BLCA"
"TCGA.CF.A47T.01",11,"BLCA"
"TCGA.CF.A47V.01",-17,"BLCA"
"TCGA.CF.A47W.01",17,"BLCA"
"TCGA.CF.A47X.01",-11,"BLCA"
"TCGA.CF.A47Y.01",-11,"BLCA"
"TCGA.CF.A5U8.01",-11,"BLCA"
"TCGA.CF.A5UA.01",13,"BLCA"
"TCGA.CF.A7I0.01",-5,"BLCA"
"TCGA.CF.A8HX.01",-17,"BLCA"
"TCGA.CF.A8HY.01",15,"BLCA"
"TCGA.CF.A9FF.01",13,"BLCA"
"TCGA.CF.A9FH.01",19,"BLCA"
"TCGA.CF.A9FL.01",5,"BLCA"
"TCGA.CF.A9FM.01",-15,"BLCA"
"TCGA.CU.A0YN.01",43,"BLCA"
"TCGA.CU.A0YO.01",-7,"BLCA"
"TCGA.CU.A0YR.01",5,"BLCA"
"TCGA.CU.A3KJ.01",43,"BLCA"
"TCGA.CU.A3QU.01",9,"BLCA"
"TCGA.CU.A3YL.01",-15,"BLCA"
"TCGA.CU.A5W6.01",41,"BLCA"
"TCGA.CU.A72E.01",33,"BLCA"
"TCGA.DK.A1A3.01",-7,"BLCA"
"TCGA.DK.A1A5.01",35,"BLCA"
"TCGA.DK.A1A6.01",11,"BLCA"
"TCGA.DK.A1A7.01",3,"BLCA"
"TCGA.DK.A1AA.01",5,"BLCA"
"TCGA.DK.A1AB.01",25,"BLCA"
"TCGA.DK.A1AC.01",3,"BLCA"
"TCGA.DK.A1AD.01",-7,"BLCA"
"TCGA.DK.A1AE.01",19,"BLCA"
"TCGA.DK.A1AF.01",5,"BLCA"
"TCGA.DK.A1AG.01",3,"BLCA"
"TCGA.DK.A2HX.01",-11,"BLCA"
"TCGA.DK.A2I1.01",11,"BLCA"
"TCGA.DK.A2I2.01",39,"BLCA"
"TCGA.DK.A2I4.01",25,"BLCA"
"TCGA.DK.A2I6.01",37,"BLCA"
"TCGA.DK.A3IK.01",-11,"BLCA"
"TCGA.DK.A3IL.01",9,"BLCA"
"TCGA.DK.A3IM.01",47,"BLCA"
"TCGA.DK.A3IN.01",23,"BLCA"
"TCGA.DK.A3IQ.01",-7,"BLCA"
"TCGA.DK.A3IS.01",23,"BLCA"
"TCGA.DK.A3IT.01",29,"BLCA"
"TCGA.DK.A3IU.01",17,"BLCA"
"TCGA.DK.A3IV.01",-11,"BLCA"
"TCGA.DK.A3WW.01",49,"BLCA"
"TCGA.DK.A3WX.01",33,"BLCA"
"TCGA.DK.A3WY.01",5,"BLCA"
"TCGA.DK.A3X1.01",9,"BLCA"
"TCGA.DK.A3X2.01",31,"BLCA"
"TCGA.DK.A6AV.01",21,"BLCA"
"TCGA.DK.A6AW.01",5,"BLCA"
"TCGA.DK.A6B0.01",15,"BLCA"
"TCGA.DK.A6B1.01",-15,"BLCA"
"TCGA.DK.A6B2.01",1,"BLCA"
"TCGA.DK.A6B5.01",-3,"BLCA"
"TCGA.DK.A6B6.01",-25,"BLCA"
"TCGA.DK.AA6L.01",11,"BLCA"
"TCGA.DK.AA6M.01",23,"BLCA"
"TCGA.DK.AA6P.01",9,"BLCA"
"TCGA.DK.AA6Q.01",15,"BLCA"
"TCGA.DK.AA6R.01",37,"BLCA"
"TCGA.DK.AA6S.01",-7,"BLCA"
"TCGA.DK.AA6T.01",17,"BLCA"
"TCGA.DK.AA6U.01",1,"BLCA"
"TCGA.DK.AA6W.01",17,"BLCA"
"TCGA.DK.AA6X.01",-1,"BLCA"
"TCGA.DK.AA71.01",25,"BLCA"
"TCGA.DK.AA74.01",33,"BLCA"
"TCGA.DK.AA75.01",9,"BLCA"
"TCGA.DK.AA76.01",-5,"BLCA"
"TCGA.DK.AA77.01",21,"BLCA"
"TCGA.E5.A2PC.01",25,"BLCA"
"TCGA.E5.A4TZ.01",3,"BLCA"
"TCGA.E5.A4U1.01",-1,"BLCA"
"TCGA.E7.A3X6.01",17,"BLCA"
"TCGA.E7.A3Y1.01",-15,"BLCA"
"TCGA.E7.A4IJ.01",7,"BLCA"
"TCGA.E7.A4XJ.01",3,"BLCA"
"TCGA.E7.A519.01",-9,"BLCA"
"TCGA.E7.A541.01",1,"BLCA"
"TCGA.E7.A5KE.01",9,"BLCA"
"TCGA.E7.A5KF.01",1,"BLCA"
"TCGA.E7.A677.01",21,"BLCA"
"TCGA.E7.A678.01",-3,"BLCA"
"TCGA.E7.A6MD.01",-13,"BLCA"
"TCGA.E7.A6ME.01",-5,"BLCA"
"TCGA.E7.A6MF.01",-39,"BLCA"
"TCGA.E7.A7DU.01",13,"BLCA"
"TCGA.E7.A7DV.01",35,"BLCA"
"TCGA.E7.A7PW.01",21,"BLCA"
"TCGA.E7.A7XN.01",37,"BLCA"
"TCGA.E7.A85H.01",13,"BLCA"
"TCGA.E7.A8O7.01",-19,"BLCA"
"TCGA.E7.A97P.01",47,"BLCA"
"TCGA.E7.A97Q.01",-9,"BLCA"
"TCGA.FD.A3B3.01",39,"BLCA"
"TCGA.FD.A3B4.01",25,"BLCA"
"TCGA.FD.A3B5.01",41,"BLCA"
"TCGA.FD.A3B6.01",25,"BLCA"
"TCGA.FD.A3B7.01",27,"BLCA"
"TCGA.FD.A3B8.01",3,"BLCA"
"TCGA.FD.A3N5.01",43,"BLCA"
"TCGA.FD.A3N6.01",37,"BLCA"
"TCGA.FD.A3NA.01",15,"BLCA"
"TCGA.FD.A3SJ.01",17,"BLCA"
"TCGA.FD.A3SL.01",-13,"BLCA"
"TCGA.FD.A3SM.01",21,"BLCA"
"TCGA.FD.A3SN.01",35,"BLCA"
"TCGA.FD.A3SO.01",19,"BLCA"
"TCGA.FD.A3SP.01",21,"BLCA"
"TCGA.FD.A3SQ.01",-27,"BLCA"
"TCGA.FD.A3SR.01",-25,"BLCA"
"TCGA.FD.A3SS.01",23,"BLCA"
"TCGA.FD.A43N.01",27,"BLCA"
"TCGA.FD.A43P.01",3,"BLCA"
"TCGA.FD.A43S.01",3,"BLCA"
"TCGA.FD.A43U.01",5,"BLCA"
"TCGA.FD.A43X.01",-13,"BLCA"
"TCGA.FD.A43Y.01",39,"BLCA"
"TCGA.FD.A5BR.01",-13,"BLCA"
"TCGA.FD.A5BS.01",27,"BLCA"
"TCGA.FD.A5BT.01",31,"BLCA"
"TCGA.FD.A5BU.01",31,"BLCA"
"TCGA.FD.A5BV.01",9,"BLCA"
"TCGA.FD.A5BX.01",27,"BLCA"
"TCGA.FD.A5BY.01",27,"BLCA"
"TCGA.FD.A5BZ.01",17,"BLCA"
"TCGA.FD.A5C0.01",5,"BLCA"
"TCGA.FD.A5C1.01",29,"BLCA"
"TCGA.FD.A62N.01",37,"BLCA"
"TCGA.FD.A62O.01",-1,"BLCA"
"TCGA.FD.A62P.01",23,"BLCA"
"TCGA.FD.A62S.01",33,"BLCA"
"TCGA.FD.A6TA.01",7,"BLCA"
"TCGA.FD.A6TB.01",9,"BLCA"
"TCGA.FD.A6TC.01",21,"BLCA"
"TCGA.FD.A6TD.01",41,"BLCA"
"TCGA.FD.A6TE.01",31,"BLCA"
"TCGA.FD.A6TF.01",25,"BLCA"
"TCGA.FD.A6TG.01",5,"BLCA"
"TCGA.FD.A6TH.01",29,"BLCA"
"TCGA.FD.A6TI.01",-3,"BLCA"
"TCGA.FD.A6TK.01",25,"BLCA"
"TCGA.FJ.A3Z7.01",-11,"BLCA"
"TCGA.FJ.A3Z9.01",29,"BLCA"
"TCGA.FJ.A3ZE.01",27,"BLCA"
"TCGA.FJ.A3ZF.01",-1,"BLCA"
"TCGA.FJ.A871.01",41,"BLCA"
"TCGA.FT.A3EE.01",25,"BLCA"
"TCGA.FT.A61P.01",39,"BLCA"
"TCGA.G2.A2EC.01",-27,"BLCA"
"TCGA.G2.A2EF.01",39,"BLCA"
"TCGA.G2.A2EJ.01",41,"BLCA"
"TCGA.G2.A2EK.01",-29,"BLCA"
"TCGA.G2.A2EL.01",43,"BLCA"
"TCGA.G2.A2EO.01",35,"BLCA"
"TCGA.G2.A2ES.01",45,"BLCA"
"TCGA.G2.A3IB.01",47,"BLCA"
"TCGA.G2.A3IE.01",-15,"BLCA"
"TCGA.G2.A3VY.01",7,"BLCA"
"TCGA.G2.AA3B.01",17,"BLCA"
"TCGA.G2.AA3C.01",27,"BLCA"
"TCGA.G2.AA3D.01",15,"BLCA"
"TCGA.G2.AA3F.01",-3,"BLCA"
"TCGA.GC.A3BM.01",5,"BLCA"
"TCGA.GC.A3I6.01",19,"BLCA"
"TCGA.GC.A3OO.01",-7,"BLCA"
"TCGA.GC.A3RB.01",27,"BLCA"
"TCGA.GC.A3RC.01",23,"BLCA"
"TCGA.GC.A3RD.01",1,"BLCA"
"TCGA.GC.A3WC.01",7,"BLCA"
"TCGA.GC.A3YS.01",29,"BLCA"
"TCGA.GC.A4ZW.01",13,"BLCA"
"TCGA.GC.A6I1.01",41,"BLCA"
"TCGA.GC.A6I3.01",19,"BLCA"
"TCGA.GD.A2C5.01",-5,"BLCA"
"TCGA.GD.A3OP.01",-33,"BLCA"
"TCGA.GD.A3OQ.01",29,"BLCA"
"TCGA.GD.A3OS.01",33,"BLCA"
"TCGA.GD.A6C6.01",9,"BLCA"
"TCGA.GD.A76B.01",11,"BLCA"
"TCGA.GU.A42P.01",11,"BLCA"
"TCGA.GU.A42Q.01",43,"BLCA"
"TCGA.GU.A42R.01",11,"BLCA"
"TCGA.GU.A762.01",21,"BLCA"
"TCGA.GU.A763.01",15,"BLCA"
"TCGA.GU.A764.01",23,"BLCA"
"TCGA.GU.A766.01",29,"BLCA"
"TCGA.GU.A767.01",5,"BLCA"
"TCGA.GU.AATO.01",19,"BLCA"
"TCGA.GU.AATP.01",1,"BLCA"
"TCGA.GU.AATQ.01",31,"BLCA"
"TCGA.GV.A3JV.01",-11,"BLCA"
"TCGA.GV.A3JW.01",7,"BLCA"
"TCGA.GV.A3JX.01",3,"BLCA"
"TCGA.GV.A3JZ.01",23,"BLCA"
"TCGA.GV.A3QF.01",21,"BLCA"
"TCGA.GV.A3QG.01",3,"BLCA"
"TCGA.GV.A3QH.01",13,"BLCA"
"TCGA.GV.A3QI.01",15,"BLCA"
"TCGA.GV.A3QK.01",-5,"BLCA"
"TCGA.GV.A40E.01",35,"BLCA"
"TCGA.GV.A40G.01",7,"BLCA"
"TCGA.GV.A6ZA.01",15,"BLCA"
"TCGA.H4.A2HO.01",-23,"BLCA"
"TCGA.H4.A2HQ.01",23,"BLCA"
"TCGA.HQ.A2OE.01",13,"BLCA"
"TCGA.HQ.A2OF.01",-5,"BLCA"
"TCGA.HQ.A5ND.01",43,"BLCA"
"TCGA.HQ.A5NE.01",29,"BLCA"
"TCGA.K4.A3WS.01",-9,"BLCA"
"TCGA.K4.A3WU.01",-13,"BLCA"
"TCGA.K4.A3WV.01",33,"BLCA"
"TCGA.K4.A4AB.01",-3,"BLCA"
"TCGA.K4.A4AC.01",37,"BLCA"
"TCGA.K4.A54R.01",35,"BLCA"
"TCGA.K4.A5RH.01",17,"BLCA"
"TCGA.K4.A5RI.01",33,"BLCA"
"TCGA.K4.A5RJ.01",13,"BLCA"
"TCGA.K4.A6FZ.01",33,"BLCA"
"TCGA.K4.A6MB.01",-11,"BLCA"
"TCGA.K4.A83P.01",-7,"BLCA"
"TCGA.K4.AAQO.01",-19,"BLCA"
"TCGA.KQ.A41N.01",1,"BLCA"
"TCGA.KQ.A41O.01",7,"BLCA"
"TCGA.KQ.A41P.01",5,"BLCA"
"TCGA.KQ.A41Q.01",5,"BLCA"
"TCGA.KQ.A41R.01",-13,"BLCA"
"TCGA.KQ.A41S.01",-3,"BLCA"
"TCGA.LC.A66R.01",37,"BLCA"
"TCGA.LT.A5Z6.01",-1,"BLCA"
"TCGA.LT.A8JT.01",-9,"BLCA"
"TCGA.MV.A51V.01",7,"BLCA"
"TCGA.PQ.A6FI.01",45,"BLCA"
"TCGA.PQ.A6FN.01",35,"BLCA"
"TCGA.R3.A69X.01",5,"BLCA"
"TCGA.S5.A6DX.01",9,"BLCA"
"TCGA.S5.AA26.01",13,"BLCA"
"TCGA.SY.A9G0.01",-23,"BLCA"
"TCGA.SY.A9G5.01",25,"BLCA"
"TCGA.UY.A78K.01",-1,"BLCA"
"TCGA.UY.A78L.01",47,"BLCA"
"TCGA.UY.A78M.01",29,"BLCA"
"TCGA.UY.A78N.01",17,"BLCA"
"TCGA.UY.A78O.01",3,"BLCA"
"TCGA.UY.A78P.01",41,"BLCA"
"TCGA.UY.A8OB.01",39,"BLCA"
"TCGA.UY.A8OC.01",43,"BLCA"
"TCGA.UY.A8OD.01",3,"BLCA"
"TCGA.UY.A9PA.01",5,"BLCA"
"TCGA.UY.A9PB.01",41,"BLCA"
"TCGA.UY.A9PD.01",5,"BLCA"
"TCGA.UY.A9PE.01",7,"BLCA"
"TCGA.UY.A9PF.01",-15,"BLCA"
"TCGA.UY.A9PH.01",11,"BLCA"
"TCGA.XF.A8HB.01",25,"BLCA"
"TCGA.XF.A8HC.01",-5,"BLCA"
"TCGA.XF.A8HD.01",31,"BLCA"
"TCGA.XF.A8HE.01",43,"BLCA"
"TCGA.XF.A8HF.01",13,"BLCA"
"TCGA.XF.A8HG.01",-11,"BLCA"
"TCGA.XF.A8HH.01",-13,"BLCA"
"TCGA.XF.A8HI.01",7,"BLCA"
"TCGA.XF.A9SH.01",-13,"BLCA"
"TCGA.XF.A9SI.01",11,"BLCA"
"TCGA.XF.A9SJ.01",37,"BLCA"
"TCGA.XF.A9SK.01",-9,"BLCA"
"TCGA.XF.A9SL.01",-5,"BLCA"
"TCGA.XF.A9SM.01",33,"BLCA"
"TCGA.XF.A9SP.01",11,"BLCA"
"TCGA.XF.A9ST.01",25,"BLCA"
"TCGA.XF.A9SU.01",27,"BLCA"
"TCGA.XF.A9SV.01",-1,"BLCA"
"TCGA.XF.A9SW.01",5,"BLCA"
"TCGA.XF.A9SX.01",15,"BLCA"
"TCGA.XF.A9SY.01",39,"BLCA"
"TCGA.XF.A9SZ.01",23,"BLCA"
"TCGA.XF.A9T0.01",37,"BLCA"
"TCGA.XF.A9T2.01",25,"BLCA"
"TCGA.XF.A9T3.01",25,"BLCA"
"TCGA.XF.A9T4.01",37,"BLCA"
"TCGA.XF.A9T5.01",39,"BLCA"
"TCGA.XF.A9T6.01",35,"BLCA"
"TCGA.XF.A9T8.01",45,"BLCA"
"TCGA.XF.AAME.01",19,"BLCA"
"TCGA.XF.AAMG.01",15,"BLCA"
"TCGA.XF.AAMH.01",29,"BLCA"
"TCGA.XF.AAMJ.01",-1,"BLCA"
"TCGA.XF.AAML.01",21,"BLCA"
"TCGA.XF.AAMQ.01",3,"BLCA"
"TCGA.XF.AAMR.01",-5,"BLCA"
"TCGA.XF.AAMT.01",35,"BLCA"
"TCGA.XF.AAMW.01",29,"BLCA"
"TCGA.XF.AAMX.01",-5,"BLCA"
"TCGA.XF.AAMY.01",-7,"BLCA"
"TCGA.XF.AAMZ.01",15,"BLCA"
"TCGA.XF.AAN0.01",-11,"BLCA"
"TCGA.XF.AAN1.01",17,"BLCA"
"TCGA.XF.AAN2.01",31,"BLCA"
"TCGA.XF.AAN3.01",21,"BLCA"
"TCGA.XF.AAN4.01",-7,"BLCA"
"TCGA.XF.AAN5.01",29,"BLCA"
"TCGA.XF.AAN7.01",11,"BLCA"
"TCGA.XF.AAN8.01",7,"BLCA"
"TCGA.YC.A89H.01",45,"BLCA"
"TCGA.YC.A8S6.01",-5,"BLCA"
"TCGA.YC.A9TC.01",41,"BLCA"
"TCGA.YF.AA3L.01",-3,"BLCA"
"TCGA.YF.AA3M.01",25,"BLCA"
"TCGA.ZF.A9R0.01",3,"BLCA"
"TCGA.ZF.A9R1.01",9,"BLCA"
"TCGA.ZF.A9R2.01",25,"BLCA"
"TCGA.ZF.A9R3.01",-5,"BLCA"
"TCGA.ZF.A9R4.01",-7,"BLCA"
"TCGA.ZF.A9R5.01",-23,"BLCA"
"TCGA.ZF.A9R7.01",-21,"BLCA"
"TCGA.ZF.A9R9.01",-19,"BLCA"
"TCGA.ZF.A9RC.01",11,"BLCA"
"TCGA.ZF.A9RD.01",39,"BLCA"
"TCGA.ZF.A9RE.01",35,"BLCA"
"TCGA.ZF.A9RF.01",33,"BLCA"
"TCGA.ZF.A9RL.01",-1,"BLCA"
"TCGA.ZF.A9RM.01",9,"BLCA"
"TCGA.ZF.A9RN.01",7,"BLCA"
"TCGA.ZF.AA4N.01",41,"BLCA"
"TCGA.ZF.AA4R.01",11,"BLCA"
"TCGA.ZF.AA4T.01",7,"BLCA"
"TCGA.ZF.AA4U.01",23,"BLCA"
"TCGA.ZF.AA4V.01",39,"BLCA"
"TCGA.ZF.AA4W.01",47,"BLCA"
"TCGA.ZF.AA4X.01",5,"BLCA"
"TCGA.ZF.AA51.01",13,"BLCA"
"TCGA.ZF.AA52.01",-1,"BLCA"
"TCGA.ZF.AA53.01",49,"BLCA"
"TCGA.ZF.AA54.01",29,"BLCA"
"TCGA.ZF.AA56.01",35,"BLCA"
"TCGA.ZF.AA58.01",43,"BLCA"
"TCGA.ZF.AA5H.01",45,"BLCA"
"TCGA.ZF.AA5N.01",39,"BLCA"
"TCGA.ZF.AA5P.01",-5,"BLCA"
"TCGA.3C.AAAU.01",-21,"BRCA"
"TCGA.3C.AALI.01",5,"BRCA"
"TCGA.3C.AALJ.01",-5,"BRCA"
"TCGA.3C.AALK.01",-27,"BRCA"
"TCGA.4H.AAAK.01",-27,"BRCA"
"TCGA.5L.AAT0.01",-25,"BRCA"
"TCGA.5T.A9QA.01",-13,"BRCA"
"TCGA.A1.A0SB.01",-35,"BRCA"
"TCGA.A1.A0SD.01",-35,"BRCA"
"TCGA.A1.A0SE.01",-29,"BRCA"
"TCGA.A1.A0SF.01",-21,"BRCA"
"TCGA.A1.A0SG.01",-17,"BRCA"
"TCGA.A1.A0SH.01",-29,"BRCA"
"TCGA.A1.A0SI.01",-9,"BRCA"
"TCGA.A1.A0SJ.01",-9,"BRCA"
"TCGA.A1.A0SK.01",27,"BRCA"
"TCGA.A1.A0SM.01",-7,"BRCA"
"TCGA.A1.A0SN.01",-11,"BRCA"
"TCGA.A1.A0SO.01",-5,"BRCA"
"TCGA.A1.A0SP.01",17,"BRCA"
"TCGA.A1.A0SQ.01",-33,"BRCA"
"TCGA.A2.A04N.01",-27,"BRCA"
"TCGA.A2.A04P.01",17,"BRCA"
"TCGA.A2.A04Q.01",-3,"BRCA"
"TCGA.A2.A04R.01",-9,"BRCA"
"TCGA.A2.A04T.01",19,"BRCA"
"TCGA.A2.A04U.01",15,"BRCA"
"TCGA.A2.A04V.01",-31,"BRCA"
"TCGA.A2.A04W.01",31,"BRCA"
"TCGA.A2.A04X.01",-5,"BRCA"
"TCGA.A2.A04Y.01",5,"BRCA"
"TCGA.A2.A0CK.01",-27,"BRCA"
"TCGA.A2.A0CL.01",-27,"BRCA"
"TCGA.A2.A0CM.01",17,"BRCA"
"TCGA.A2.A0CO.01",-35,"BRCA"
"TCGA.A2.A0CP.01",-21,"BRCA"
"TCGA.A2.A0CQ.01",-23,"BRCA"
"TCGA.A2.A0CR.01",-17,"BRCA"
"TCGA.A2.A0CS.01",-21,"BRCA"
"TCGA.A2.A0CT.01",-13,"BRCA"
"TCGA.A2.A0CU.01",-15,"BRCA"
"TCGA.A2.A0CV.01",-23,"BRCA"
"TCGA.A2.A0CW.01",-1,"BRCA"
"TCGA.A2.A0CX.01",17,"BRCA"
"TCGA.A2.A0CZ.01",-35,"BRCA"
"TCGA.A2.A0D0.01",29,"BRCA"
"TCGA.A2.A0D1.01",9,"BRCA"
"TCGA.A2.A0D2.01",17,"BRCA"
"TCGA.A2.A0D3.01",-33,"BRCA"
"TCGA.A2.A0D4.01",-7,"BRCA"
"TCGA.A2.A0EM.01",-37,"BRCA"
"TCGA.A2.A0EN.01",-33,"BRCA"
"TCGA.A2.A0EO.01",-31,"BRCA"
"TCGA.A2.A0EP.01",-29,"BRCA"
"TCGA.A2.A0EQ.01",-1,"BRCA"
"TCGA.A2.A0ER.01",-15,"BRCA"
"TCGA.A2.A0ES.01",-43,"BRCA"
"TCGA.A2.A0ET.01",-43,"BRCA"
"TCGA.A2.A0EU.01",-7,"BRCA"
"TCGA.A2.A0EV.01",-31,"BRCA"
"TCGA.A2.A0EW.01",-39,"BRCA"
"TCGA.A2.A0EX.01",-27,"BRCA"
"TCGA.A2.A0EY.01",-21,"BRCA"
"TCGA.A2.A0ST.01",-7,"BRCA"
"TCGA.A2.A0SU.01",-25,"BRCA"
"TCGA.A2.A0SV.01",21,"BRCA"
"TCGA.A2.A0SW.01",9,"BRCA"
"TCGA.A2.A0SX.01",-3,"BRCA"
"TCGA.A2.A0SY.01",-33,"BRCA"
"TCGA.A2.A0T0.01",39,"BRCA"
"TCGA.A2.A0T1.01",3,"BRCA"
"TCGA.A2.A0T2.01",39,"BRCA"
"TCGA.A2.A0T3.01",-9,"BRCA"
"TCGA.A2.A0T4.01",-11,"BRCA"
"TCGA.A2.A0T5.01",-23,"BRCA"
"TCGA.A2.A0T6.01",-39,"BRCA"
"TCGA.A2.A0T7.01",-25,"BRCA"
"TCGA.A2.A0YC.01",-37,"BRCA"
"TCGA.A2.A0YD.01",-39,"BRCA"
"TCGA.A2.A0YE.01",-1,"BRCA"
"TCGA.A2.A0YF.01",-23,"BRCA"
"TCGA.A2.A0YG.01",-11,"BRCA"
"TCGA.A2.A0YH.01",11,"BRCA"
"TCGA.A2.A0YI.01",-31,"BRCA"
"TCGA.A2.A0YJ.01",21,"BRCA"
"TCGA.A2.A0YK.01",-49,"BRCA"
"TCGA.A2.A0YL.01",-39,"BRCA"
"TCGA.A2.A0YM.01",27,"BRCA"
"TCGA.A2.A0YT.01",-1,"BRCA"
"TCGA.A2.A1FV.01",-23,"BRCA"
"TCGA.A2.A1FW.01",-9,"BRCA"
"TCGA.A2.A1FX.01",-19,"BRCA"
"TCGA.A2.A1FZ.01",-43,"BRCA"
"TCGA.A2.A1G0.01",-33,"BRCA"
"TCGA.A2.A1G1.01",17,"BRCA"
"TCGA.A2.A1G4.01",-11,"BRCA"
"TCGA.A2.A1G6.01",-33,"BRCA"
"TCGA.A2.A259.01",-19,"BRCA"
"TCGA.A2.A25A.01",-39,"BRCA"
"TCGA.A2.A25B.01",-7,"BRCA"
"TCGA.A2.A25C.01",-25,"BRCA"
"TCGA.A2.A25D.01",-9,"BRCA"
"TCGA.A2.A25E.01",-11,"BRCA"
"TCGA.A2.A25F.01",1,"BRCA"
"TCGA.A2.A3KC.01",-39,"BRCA"
"TCGA.A2.A3KD.01",-33,"BRCA"
"TCGA.A2.A3XS.01",7,"BRCA"
"TCGA.A2.A3XT.01",27,"BRCA"
"TCGA.A2.A3XU.01",29,"BRCA"
"TCGA.A2.A3XV.01",13,"BRCA"
"TCGA.A2.A3XW.01",-5,"BRCA"
"TCGA.A2.A3XX.01",25,"BRCA"
"TCGA.A2.A3XY.01",13,"BRCA"
"TCGA.A2.A3XZ.01",-5,"BRCA"
"TCGA.A2.A3Y0.01",45,"BRCA"
"TCGA.A2.A4RW.01",-31,"BRCA"
"TCGA.A2.A4RX.01",15,"BRCA"
"TCGA.A2.A4RY.01",-47,"BRCA"
"TCGA.A2.A4S0.01",-39,"BRCA"
"TCGA.A2.A4S1.01",1,"BRCA"
"TCGA.A2.A4S2.01",-41,"BRCA"
"TCGA.A2.A4S3.01",3,"BRCA"
"TCGA.A7.A0CD.01",-29,"BRCA"
"TCGA.A7.A0CE.01",41,"BRCA"
"TCGA.A7.A0CG.01",-31,"BRCA"
"TCGA.A7.A0CH.01",-31,"BRCA"
"TCGA.A7.A0CJ.01",21,"BRCA"
"TCGA.A7.A0D9.01",-23,"BRCA"
"TCGA.A7.A0DA.01",11,"BRCA"
"TCGA.A7.A0DB.01",-23,"BRCA"
"TCGA.A7.A13D.01",47,"BRCA"
"TCGA.A7.A13E.01",11,"BRCA"
"TCGA.A7.A13F.01",-9,"BRCA"
"TCGA.A7.A13G.01",-29,"BRCA"
"TCGA.A7.A13H.01",-39,"BRCA"
"TCGA.A7.A26E.01",-37,"BRCA"
"TCGA.A7.A26F.01",17,"BRCA"
"TCGA.A7.A26G.01",-17,"BRCA"
"TCGA.A7.A26H.01",-23,"BRCA"
"TCGA.A7.A26I.01",19,"BRCA"
"TCGA.A7.A26J.01",-31,"BRCA"
"TCGA.A7.A2KD.01",-17,"BRCA"
"TCGA.A7.A3IY.01",1,"BRCA"
"TCGA.A7.A3IZ.01",-31,"BRCA"
"TCGA.A7.A3J0.01",-27,"BRCA"
"TCGA.A7.A3J1.01",-41,"BRCA"
"TCGA.A7.A3RF.01",-9,"BRCA"
"TCGA.A7.A425.01",-21,"BRCA"
"TCGA.A7.A426.01",-37,"BRCA"
"TCGA.A7.A4SA.01",-15,"BRCA"
"TCGA.A7.A4SB.01",-17,"BRCA"
"TCGA.A7.A4SC.01",-43,"BRCA"
"TCGA.A7.A4SD.01",27,"BRCA"
"TCGA.A7.A4SE.01",21,"BRCA"
"TCGA.A7.A4SF.01",-5,"BRCA"
"TCGA.A7.A56D.01",21,"BRCA"
"TCGA.A7.A5ZV.01",29,"BRCA"
"TCGA.A7.A5ZW.01",-31,"BRCA"
"TCGA.A7.A5ZX.01",-35,"BRCA"
"TCGA.A7.A6VV.01",33,"BRCA"
"TCGA.A7.A6VW.01",35,"BRCA"
"TCGA.A7.A6VX.01",-11,"BRCA"
"TCGA.A7.A6VY.01",43,"BRCA"
"TCGA.A8.A06N.01",-23,"BRCA"
"TCGA.A8.A06O.01",-5,"BRCA"
"TCGA.A8.A06P.01",-19,"BRCA"
"TCGA.A8.A06Q.01",11,"BRCA"
"TCGA.A8.A06R.01",25,"BRCA"
"TCGA.A8.A06T.01",-17,"BRCA"
"TCGA.A8.A06U.01",-13,"BRCA"
"TCGA.A8.A06X.01",-3,"BRCA"
"TCGA.A8.A06Y.01",-25,"BRCA"
"TCGA.A8.A06Z.01",9,"BRCA"
"TCGA.A8.A075.01",13,"BRCA"
"TCGA.A8.A076.01",3,"BRCA"
"TCGA.A8.A079.01",1,"BRCA"
"TCGA.A8.A07B.01",-5,"BRCA"
"TCGA.A8.A07C.01",1,"BRCA"
"TCGA.A8.A07E.01",-9,"BRCA"
"TCGA.A8.A07F.01",-29,"BRCA"
"TCGA.A8.A07G.01",-11,"BRCA"
"TCGA.A8.A07I.01",-23,"BRCA"
"TCGA.A8.A07J.01",-43,"BRCA"
"TCGA.A8.A07L.01",1,"BRCA"
"TCGA.A8.A07O.01",27,"BRCA"
"TCGA.A8.A07P.01",-5,"BRCA"
"TCGA.A8.A07R.01",35,"BRCA"
"TCGA.A8.A07S.01",-25,"BRCA"
"TCGA.A8.A07U.01",11,"BRCA"
"TCGA.A8.A07W.01",5,"BRCA"
"TCGA.A8.A07Z.01",-11,"BRCA"
"TCGA.A8.A081.01",-9,"BRCA"
"TCGA.A8.A082.01",-7,"BRCA"
"TCGA.A8.A083.01",-35,"BRCA"
"TCGA.A8.A085.01",-15,"BRCA"
"TCGA.A8.A086.01",-9,"BRCA"
"TCGA.A8.A08A.01",-41,"BRCA"
"TCGA.A8.A08B.01",5,"BRCA"
"TCGA.A8.A08C.01",-35,"BRCA"
"TCGA.A8.A08G.01",-9,"BRCA"
"TCGA.A8.A08H.01",-3,"BRCA"
"TCGA.A8.A08I.01",-7,"BRCA"
"TCGA.A8.A08J.01",11,"BRCA"
"TCGA.A8.A08L.01",5,"BRCA"
"TCGA.A8.A08O.01",-27,"BRCA"
"TCGA.A8.A08P.01",3,"BRCA"
"TCGA.A8.A08R.01",5,"BRCA"
"TCGA.A8.A08T.01",-17,"BRCA"
"TCGA.A8.A08X.01",9,"BRCA"
"TCGA.A8.A08Z.01",-23,"BRCA"
"TCGA.A8.A090.01",-27,"BRCA"
"TCGA.A8.A091.01",-27,"BRCA"
"TCGA.A8.A092.01",-5,"BRCA"
"TCGA.A8.A093.01",-35,"BRCA"
"TCGA.A8.A094.01",13,"BRCA"
"TCGA.A8.A095.01",-21,"BRCA"
"TCGA.A8.A096.01",-33,"BRCA"
"TCGA.A8.A097.01",-17,"BRCA"
"TCGA.A8.A099.01",-35,"BRCA"
"TCGA.A8.A09A.01",-27,"BRCA"
"TCGA.A8.A09B.01",-37,"BRCA"
"TCGA.A8.A09C.01",-19,"BRCA"
"TCGA.A8.A09D.01",-13,"BRCA"
"TCGA.A8.A09G.01",-11,"BRCA"
"TCGA.A8.A09I.01",-3,"BRCA"
"TCGA.A8.A09M.01",-11,"BRCA"
"TCGA.A8.A09N.01",-1,"BRCA"
"TCGA.A8.A09Q.01",-7,"BRCA"
"TCGA.A8.A09R.01",-31,"BRCA"
"TCGA.A8.A09T.01",-21,"BRCA"
"TCGA.A8.A09V.01",-33,"BRCA"
"TCGA.A8.A09W.01",5,"BRCA"
"TCGA.A8.A09X.01",5,"BRCA"
"TCGA.A8.A09Z.01",-29,"BRCA"
"TCGA.A8.A0A1.01",-35,"BRCA"
"TCGA.A8.A0A2.01",-33,"BRCA"
"TCGA.A8.A0A4.01",-27,"BRCA"
"TCGA.A8.A0A6.01",-39,"BRCA"
"TCGA.A8.A0A7.01",-3,"BRCA"
"TCGA.A8.A0A9.01",-27,"BRCA"
"TCGA.A8.A0AB.01",-27,"BRCA"
"TCGA.A8.A0AD.01",-29,"BRCA"
"TCGA.AC.A23C.01",-25,"BRCA"
"TCGA.AC.A23E.01",9,"BRCA"
"TCGA.AC.A23G.01",-41,"BRCA"
"TCGA.AC.A23H.01",7,"BRCA"
"TCGA.AC.A2B8.01",-29,"BRCA"
"TCGA.AC.A2BK.01",9,"BRCA"
"TCGA.AC.A2BM.01",-23,"BRCA"
"TCGA.AC.A2FB.01",-45,"BRCA"
"TCGA.AC.A2FE.01",-29,"BRCA"
"TCGA.AC.A2FF.01",-37,"BRCA"
"TCGA.AC.A2FG.01",-35,"BRCA"
"TCGA.AC.A2FK.01",-41,"BRCA"
"TCGA.AC.A2FM.01",-11,"BRCA"
"TCGA.AC.A2FO.01",-35,"BRCA"
"TCGA.AC.A2QH.01",19,"BRCA"
"TCGA.AC.A2QI.01",-37,"BRCA"
"TCGA.AC.A2QJ.01",29,"BRCA"
"TCGA.AC.A3BB.01",-41,"BRCA"
"TCGA.AC.A3EH.01",-13,"BRCA"
"TCGA.AC.A3HN.01",-43,"BRCA"
"TCGA.AC.A3OD.01",-27,"BRCA"
"TCGA.AC.A3QP.01",-11,"BRCA"
"TCGA.AC.A3QQ.01",3,"BRCA"
"TCGA.AC.A3TM.01",5,"BRCA"
"TCGA.AC.A3TN.01",-23,"BRCA"
"TCGA.AC.A3W5.01",-5,"BRCA"
"TCGA.AC.A3W6.01",-23,"BRCA"
"TCGA.AC.A3W7.01",-31,"BRCA"
"TCGA.AC.A3YI.01",-13,"BRCA"
"TCGA.AC.A3YJ.01",-17,"BRCA"
"TCGA.AC.A4ZE.01",-31,"BRCA"
"TCGA.AC.A5EH.01",21,"BRCA"
"TCGA.AC.A5XS.01",-9,"BRCA"
"TCGA.AC.A5XU.01",-7,"BRCA"
"TCGA.AC.A62V.01",9,"BRCA"
"TCGA.AC.A62X.01",29,"BRCA"
"TCGA.AC.A62Y.01",-11,"BRCA"
"TCGA.AC.A6IV.01",-33,"BRCA"
"TCGA.AC.A6IW.01",23,"BRCA"
"TCGA.AC.A6IX.01",-41,"BRCA"
"TCGA.AC.A6NO.01",-29,"BRCA"
"TCGA.AC.A7VB.01",-1,"BRCA"
"TCGA.AC.A7VC.01",31,"BRCA"
"TCGA.AC.A8OP.01",-31,"BRCA"
"TCGA.AC.A8OQ.01",5,"BRCA"
"TCGA.AC.A8OR.01",-23,"BRCA"
"TCGA.AC.A8OS.01",-35,"BRCA"
"TCGA.AN.A03X.01",-19,"BRCA"
"TCGA.AN.A03Y.01",-5,"BRCA"
"TCGA.AN.A041.01",-37,"BRCA"
"TCGA.AN.A046.01",-21,"BRCA"
"TCGA.AN.A049.01",-11,"BRCA"
"TCGA.AN.A04A.01",1,"BRCA"
"TCGA.AN.A04C.01",9,"BRCA"
"TCGA.AN.A04D.01",5,"BRCA"
"TCGA.AN.A0AJ.01",21,"BRCA"
"TCGA.AN.A0AK.01",9,"BRCA"
"TCGA.AN.A0AL.01",21,"BRCA"
"TCGA.AN.A0AM.01",19,"BRCA"
"TCGA.AN.A0AR.01",9,"BRCA"
"TCGA.AN.A0AS.01",19,"BRCA"
"TCGA.AN.A0AT.01",33,"BRCA"
"TCGA.AN.A0FD.01",-7,"BRCA"
"TCGA.AN.A0FF.01",-29,"BRCA"
"TCGA.AN.A0FJ.01",29,"BRCA"
"TCGA.AN.A0FK.01",-15,"BRCA"
"TCGA.AN.A0FL.01",5,"BRCA"
"TCGA.AN.A0FN.01",-29,"BRCA"
"TCGA.AN.A0FS.01",-35,"BRCA"
"TCGA.AN.A0FT.01",-11,"BRCA"
"TCGA.AN.A0FV.01",19,"BRCA"
"TCGA.AN.A0FW.01",-13,"BRCA"
"TCGA.AN.A0FX.01",17,"BRCA"
"TCGA.AN.A0FY.01",19,"BRCA"
"TCGA.AN.A0FZ.01",-9,"BRCA"
"TCGA.AN.A0G0.01",11,"BRCA"
"TCGA.AN.A0XL.01",-31,"BRCA"
"TCGA.AN.A0XN.01",19,"BRCA"
"TCGA.AN.A0XO.01",-11,"BRCA"
"TCGA.AN.A0XP.01",-39,"BRCA"
"TCGA.AN.A0XR.01",-7,"BRCA"
"TCGA.AN.A0XS.01",-33,"BRCA"
"TCGA.AN.A0XT.01",-35,"BRCA"
"TCGA.AN.A0XU.01",35,"BRCA"
"TCGA.AN.A0XV.01",-17,"BRCA"
"TCGA.AN.A0XW.01",-3,"BRCA"
"TCGA.AO.A03L.01",-7,"BRCA"
"TCGA.AO.A03M.01",9,"BRCA"
"TCGA.AO.A03N.01",9,"BRCA"
"TCGA.AO.A03O.01",-5,"BRCA"
"TCGA.AO.A03P.01",-15,"BRCA"
"TCGA.AO.A03R.01",9,"BRCA"
"TCGA.AO.A03T.01",13,"BRCA"
"TCGA.AO.A03U.01",-21,"BRCA"
"TCGA.AO.A03V.01",-21,"BRCA"
"TCGA.AO.A0J2.01",31,"BRCA"
"TCGA.AO.A0J3.01",-19,"BRCA"
"TCGA.AO.A0J4.01",23,"BRCA"
"TCGA.AO.A0J5.01",-33,"BRCA"
"TCGA.AO.A0J6.01",31,"BRCA"
"TCGA.AO.A0J7.01",-17,"BRCA"
"TCGA.AO.A0J8.01",-29,"BRCA"
"TCGA.AO.A0J9.01",-23,"BRCA"
"TCGA.AO.A0JA.01",-33,"BRCA"
"TCGA.AO.A0JB.01",-7,"BRCA"
"TCGA.AO.A0JC.01",-41,"BRCA"
"TCGA.AO.A0JD.01",7,"BRCA"
"TCGA.AO.A0JE.01",-5,"BRCA"
"TCGA.AO.A0JF.01",-35,"BRCA"
"TCGA.AO.A0JG.01",-39,"BRCA"
"TCGA.AO.A0JI.01",-27,"BRCA"
"TCGA.AO.A0JJ.01",-35,"BRCA"
"TCGA.AO.A0JL.01",15,"BRCA"
"TCGA.AO.A0JM.01",-9,"BRCA"
"TCGA.AO.A124.01",23,"BRCA"
"TCGA.AO.A125.01",-17,"BRCA"
"TCGA.AO.A126.01",-9,"BRCA"
"TCGA.AO.A128.01",-3,"BRCA"
"TCGA.AO.A129.01",33,"BRCA"
"TCGA.AO.A12A.01",-39,"BRCA"
"TCGA.AO.A12B.01",-29,"BRCA"
"TCGA.AO.A12D.01",-15,"BRCA"
"TCGA.AO.A12E.01",-13,"BRCA"
"TCGA.AO.A12F.01",11,"BRCA"
"TCGA.AO.A12G.01",-21,"BRCA"
"TCGA.AO.A12H.01",-27,"BRCA"
"TCGA.AO.A1KO.01",-37,"BRCA"
"TCGA.AO.A1KP.01",-23,"BRCA"
"TCGA.AO.A1KQ.01",13,"BRCA"
"TCGA.AO.A1KR.01",23,"BRCA"
"TCGA.AO.A1KS.01",-15,"BRCA"
"TCGA.AO.A1KT.01",23,"BRCA"
"TCGA.AQ.A04H.01",-9,"BRCA"
"TCGA.AQ.A04J.01",15,"BRCA"
"TCGA.AQ.A04L.01",15,"BRCA"
"TCGA.AQ.A0Y5.01",7,"BRCA"
"TCGA.AQ.A1H2.01",-19,"BRCA"
"TCGA.AQ.A1H3.01",-33,"BRCA"
"TCGA.AQ.A54N.01",-1,"BRCA"
"TCGA.AQ.A54O.01",-17,"BRCA"
"TCGA.AQ.A7U7.01",-43,"BRCA"
"TCGA.AR.A0TP.01",21,"BRCA"
"TCGA.AR.A0TQ.01",-3,"BRCA"
"TCGA.AR.A0TR.01",-35,"BRCA"
"TCGA.AR.A0TS.01",-19,"BRCA"
"TCGA.AR.A0TT.01",-19,"BRCA"
"TCGA.AR.A0TU.01",15,"BRCA"
"TCGA.AR.A0TV.01",-1,"BRCA"
"TCGA.AR.A0TW.01",-3,"BRCA"
"TCGA.AR.A0TX.01",-9,"BRCA"
"TCGA.AR.A0TY.01",3,"BRCA"
"TCGA.AR.A0TZ.01",-29,"BRCA"
"TCGA.AR.A0U0.01",17,"BRCA"
"TCGA.AR.A0U2.01",-7,"BRCA"
"TCGA.AR.A0U3.01",-5,"BRCA"
"TCGA.AR.A0U4.01",27,"BRCA"
"TCGA.AR.A1AH.01",13,"BRCA"
"TCGA.AR.A1AI.01",21,"BRCA"
"TCGA.AR.A1AJ.01",11,"BRCA"
"TCGA.AR.A1AK.01",-27,"BRCA"
"TCGA.AR.A1AL.01",-41,"BRCA"
"TCGA.AR.A1AM.01",-39,"BRCA"
"TCGA.AR.A1AN.01",-27,"BRCA"
"TCGA.AR.A1AO.01",-7,"BRCA"
"TCGA.AR.A1AP.01",-9,"BRCA"
"TCGA.AR.A1AQ.01",19,"BRCA"
"TCGA.AR.A1AR.01",7,"BRCA"
"TCGA.AR.A1AS.01",11,"BRCA"
"TCGA.AR.A1AT.01",-11,"BRCA"
"TCGA.AR.A1AU.01",-17,"BRCA"
"TCGA.AR.A1AV.01",-41,"BRCA"
"TCGA.AR.A1AW.01",-31,"BRCA"
"TCGA.AR.A1AX.01",-27,"BRCA"
"TCGA.AR.A1AY.01",23,"BRCA"
"TCGA.AR.A24H.01",-13,"BRCA"
"TCGA.AR.A24K.01",-17,"BRCA"
"TCGA.AR.A24L.01",-27,"BRCA"
"TCGA.AR.A24M.01",-37,"BRCA"
"TCGA.AR.A24N.01",-19,"BRCA"
"TCGA.AR.A24O.01",-35,"BRCA"
"TCGA.AR.A24P.01",-27,"BRCA"
"TCGA.AR.A24Q.01",21,"BRCA"
"TCGA.AR.A24R.01",-13,"BRCA"
"TCGA.AR.A24S.01",-13,"BRCA"
"TCGA.AR.A24T.01",-37,"BRCA"
"TCGA.AR.A24U.01",-7,"BRCA"
"TCGA.AR.A24V.01",-17,"BRCA"
"TCGA.AR.A24W.01",-27,"BRCA"
"TCGA.AR.A24X.01",-35,"BRCA"
"TCGA.AR.A24Z.01",-13,"BRCA"
"TCGA.AR.A250.01",-15,"BRCA"
"TCGA.AR.A251.01",9,"BRCA"
"TCGA.AR.A252.01",-35,"BRCA"
"TCGA.AR.A254.01",-5,"BRCA"
"TCGA.AR.A255.01",-31,"BRCA"
"TCGA.AR.A256.01",11,"BRCA"
"TCGA.AR.A2LE.01",-37,"BRCA"
"TCGA.AR.A2LH.01",-3,"BRCA"
"TCGA.AR.A2LJ.01",-15,"BRCA"
"TCGA.AR.A2LK.01",-17,"BRCA"
"TCGA.AR.A2LM.01",-43,"BRCA"
"TCGA.AR.A2LN.01",-45,"BRCA"
"TCGA.AR.A2LO.01",-35,"BRCA"
"TCGA.AR.A2LQ.01",-37,"BRCA"
"TCGA.AR.A5QM.01",-29,"BRCA"
"TCGA.AR.A5QN.01",-29,"BRCA"
"TCGA.AR.A5QP.01",-13,"BRCA"
"TCGA.AR.A5QQ.01",47,"BRCA"
"TCGA.B6.A0I1.01",37,"BRCA"
"TCGA.B6.A0I2.01",15,"BRCA"
"TCGA.B6.A0I5.01",9,"BRCA"
"TCGA.B6.A0I6.01",29,"BRCA"
"TCGA.B6.A0I8.01",-25,"BRCA"
"TCGA.B6.A0I9.01",1,"BRCA"
"TCGA.B6.A0IA.01",3,"BRCA"
"TCGA.B6.A0IB.01",-5,"BRCA"
"TCGA.B6.A0IC.01",-35,"BRCA"
"TCGA.B6.A0IE.01",-5,"BRCA"
"TCGA.B6.A0IG.01",15,"BRCA"
"TCGA.B6.A0IH.01",-39,"BRCA"
"TCGA.B6.A0IJ.01",21,"BRCA"
"TCGA.B6.A0IK.01",19,"BRCA"
"TCGA.B6.A0IM.01",-19,"BRCA"
"TCGA.B6.A0IN.01",7,"BRCA"
"TCGA.B6.A0IO.01",-13,"BRCA"
"TCGA.B6.A0IP.01",-31,"BRCA"
"TCGA.B6.A0IQ.01",31,"BRCA"
"TCGA.B6.A0RE.01",27,"BRCA"
"TCGA.B6.A0RG.01",-21,"BRCA"
"TCGA.B6.A0RH.01",17,"BRCA"
"TCGA.B6.A0RI.01",-15,"BRCA"
"TCGA.B6.A0RL.01",-1,"BRCA"
"TCGA.B6.A0RM.01",-13,"BRCA"
"TCGA.B6.A0RN.01",-37,"BRCA"
"TCGA.B6.A0RO.01",-17,"BRCA"
"TCGA.B6.A0RP.01",-41,"BRCA"
"TCGA.B6.A0RQ.01",-39,"BRCA"
"TCGA.B6.A0RS.01",17,"BRCA"
"TCGA.B6.A0RT.01",-9,"BRCA"
"TCGA.B6.A0RU.01",23,"BRCA"
"TCGA.B6.A0RV.01",-23,"BRCA"
"TCGA.B6.A0WS.01",-21,"BRCA"
"TCGA.B6.A0WT.01",-33,"BRCA"
"TCGA.B6.A0WV.01",3,"BRCA"
"TCGA.B6.A0WW.01",-23,"BRCA"
"TCGA.B6.A0WX.01",-9,"BRCA"
"TCGA.B6.A0WY.01",-29,"BRCA"
"TCGA.B6.A0WZ.01",3,"BRCA"
"TCGA.B6.A0X0.01",-33,"BRCA"
"TCGA.B6.A0X1.01",17,"BRCA"
"TCGA.B6.A0X4.01",-9,"BRCA"
"TCGA.B6.A0X5.01",-11,"BRCA"
"TCGA.B6.A0X7.01",-35,"BRCA"
"TCGA.B6.A1KC.01",-23,"BRCA"
"TCGA.B6.A1KF.01",13,"BRCA"
"TCGA.B6.A1KI.01",-35,"BRCA"
"TCGA.B6.A1KN.01",-17,"BRCA"
"TCGA.B6.A2IU.01",-31,"BRCA"
"TCGA.B6.A3ZX.01",-19,"BRCA"
"TCGA.B6.A400.01",21,"BRCA"
"TCGA.B6.A401.01",-9,"BRCA"
"TCGA.B6.A402.01",13,"BRCA"
"TCGA.B6.A408.01",-17,"BRCA"
"TCGA.B6.A409.01",17,"BRCA"
"TCGA.B6.A40B.01",-11,"BRCA"
"TCGA.B6.A40C.01",-15,"BRCA"
"TCGA.BH.A0AU.01",-21,"BRCA"
"TCGA.BH.A0AV.01",27,"BRCA"
"TCGA.BH.A0AW.01",3,"BRCA"
"TCGA.BH.A0AY.01",-7,"BRCA"
"TCGA.BH.A0AZ.01",-39,"BRCA"
"TCGA.BH.A0B0.01",-17,"BRCA"
"TCGA.BH.A0B1.01",-11,"BRCA"
"TCGA.BH.A0B3.01",37,"BRCA"
"TCGA.BH.A0B4.01",-7,"BRCA"
"TCGA.BH.A0B5.01",-31,"BRCA"
"TCGA.BH.A0B7.01",-9,"BRCA"
"TCGA.BH.A0B8.01",-33,"BRCA"
"TCGA.BH.A0B9.01",33,"BRCA"
"TCGA.BH.A0BA.01",-23,"BRCA"
"TCGA.BH.A0BC.01",-3,"BRCA"
"TCGA.BH.A0BD.01",-11,"BRCA"
"TCGA.BH.A0BF.01",-27,"BRCA"
"TCGA.BH.A0BG.01",-9,"BRCA"
"TCGA.BH.A0BJ.01",-27,"BRCA"
"TCGA.BH.A0BL.01",13,"BRCA"
"TCGA.BH.A0BM.01",-21,"BRCA"
"TCGA.BH.A0BO.01",-23,"BRCA"
"TCGA.BH.A0BP.01",-17,"BRCA"
"TCGA.BH.A0BQ.01",-27,"BRCA"
"TCGA.BH.A0BR.01",15,"BRCA"
"TCGA.BH.A0BS.01",-23,"BRCA"
"TCGA.BH.A0BT.01",-17,"BRCA"
"TCGA.BH.A0BV.01",-43,"BRCA"
"TCGA.BH.A0BW.01",-13,"BRCA"
"TCGA.BH.A0BZ.01",5,"BRCA"
"TCGA.BH.A0C0.01",7,"BRCA"
"TCGA.BH.A0C1.01",-33,"BRCA"
"TCGA.BH.A0C3.01",-23,"BRCA"
"TCGA.BH.A0C7.01",-25,"BRCA"
"TCGA.BH.A0DD.01",-23,"BRCA"
"TCGA.BH.A0DE.01",-39,"BRCA"
"TCGA.BH.A0DG.01",-27,"BRCA"
"TCGA.BH.A0DH.01",-21,"BRCA"
"TCGA.BH.A0DI.01",-35,"BRCA"
"TCGA.BH.A0DK.01",-13,"BRCA"
"TCGA.BH.A0DL.01",29,"BRCA"
"TCGA.BH.A0DO.01",-33,"BRCA"
"TCGA.BH.A0DP.01",-27,"BRCA"
"TCGA.BH.A0DQ.01",-23,"BRCA"
"TCGA.BH.A0DS.01",-17,"BRCA"
"TCGA.BH.A0DT.01",-39,"BRCA"
"TCGA.BH.A0DV.01",-37,"BRCA"
"TCGA.BH.A0DX.01",-13,"BRCA"
"TCGA.BH.A0DZ.01",31,"BRCA"
"TCGA.BH.A0E0.01",25,"BRCA"
"TCGA.BH.A0E1.01",-23,"BRCA"
"TCGA.BH.A0E2.01",-3,"BRCA"
"TCGA.BH.A0E6.01",11,"BRCA"
"TCGA.BH.A0E7.01",-23,"BRCA"
"TCGA.BH.A0E9.01",-41,"BRCA"
"TCGA.BH.A0EA.01",-41,"BRCA"
"TCGA.BH.A0EB.01",-37,"BRCA"
"TCGA.BH.A0EE.01",31,"BRCA"
"TCGA.BH.A0EI.01",-31,"BRCA"
"TCGA.BH.A0GY.01",13,"BRCA"
"TCGA.BH.A0GZ.01",-11,"BRCA"
"TCGA.BH.A0H0.01",-15,"BRCA"
"TCGA.BH.A0H3.01",-39,"BRCA"
"TCGA.BH.A0H5.01",-45,"BRCA"
"TCGA.BH.A0H6.01",-11,"BRCA"
"TCGA.BH.A0H7.01",7,"BRCA"
"TCGA.BH.A0H9.01",-5,"BRCA"
"TCGA.BH.A0HA.01",-25,"BRCA"
"TCGA.BH.A0HB.01",21,"BRCA"
"TCGA.BH.A0HF.01",-7,"BRCA"
"TCGA.BH.A0HI.01",-35,"BRCA"
"TCGA.BH.A0HK.01",-13,"BRCA"
"TCGA.BH.A0HL.01",-25,"BRCA"
"TCGA.BH.A0HN.01",-33,"BRCA"
"TCGA.BH.A0HO.01",-31,"BRCA"
"TCGA.BH.A0HP.01",-17,"BRCA"
"TCGA.BH.A0HQ.01",-41,"BRCA"
"TCGA.BH.A0HU.01",3,"BRCA"
"TCGA.BH.A0HW.01",-13,"BRCA"
"TCGA.BH.A0HX.01",-1,"BRCA"
"TCGA.BH.A0HY.01",-13,"BRCA"
"TCGA.BH.A0RX.01",27,"BRCA"
"TCGA.BH.A0W3.01",-39,"BRCA"
"TCGA.BH.A0W4.01",-37,"BRCA"
"TCGA.BH.A0W5.01",-35,"BRCA"
"TCGA.BH.A0W7.01",1,"BRCA"
"TCGA.BH.A0WA.01",31,"BRCA"
"TCGA.BH.A18F.01",-21,"BRCA"
"TCGA.BH.A18G.01",25,"BRCA"
"TCGA.BH.A18H.01",-19,"BRCA"
"TCGA.BH.A18I.01",-31,"BRCA"
"TCGA.BH.A18J.01",-5,"BRCA"
"TCGA.BH.A18K.01",-9,"BRCA"
"TCGA.BH.A18L.01",-3,"BRCA"
"TCGA.BH.A18M.01",-33,"BRCA"
"TCGA.BH.A18N.01",-35,"BRCA"
"TCGA.BH.A18P.01",-27,"BRCA"
"TCGA.BH.A18Q.01",-19,"BRCA"
"TCGA.BH.A18R.01",1,"BRCA"
"TCGA.BH.A18S.01",-27,"BRCA"
"TCGA.BH.A18T.01",17,"BRCA"
"TCGA.BH.A18U.01",9,"BRCA"
"TCGA.BH.A18V.01",7,"BRCA"
"TCGA.BH.A1EN.01",5,"BRCA"
"TCGA.BH.A1EO.01",-29,"BRCA"
"TCGA.BH.A1ES.01",3,"BRCA"
"TCGA.BH.A1ET.01",-31,"BRCA"
"TCGA.BH.A1EU.01",-41,"BRCA"
"TCGA.BH.A1EV.01",11,"BRCA"
"TCGA.BH.A1EW.01",-29,"BRCA"
"TCGA.BH.A1EX.01",-27,"BRCA"
"TCGA.BH.A1EY.01",-19,"BRCA"
"TCGA.BH.A1F0.01",-15,"BRCA"
"TCGA.BH.A1F2.01",-7,"BRCA"
"TCGA.BH.A1F5.01",-25,"BRCA"
"TCGA.BH.A1F6.01",23,"BRCA"
"TCGA.BH.A1F8.01",-9,"BRCA"
"TCGA.BH.A1FB.01",-41,"BRCA"
"TCGA.BH.A1FC.01",13,"BRCA"
"TCGA.BH.A1FD.01",11,"BRCA"
"TCGA.BH.A1FE.01",-29,"BRCA"
"TCGA.BH.A1FG.01",-13,"BRCA"
"TCGA.BH.A1FH.01",-41,"BRCA"
"TCGA.BH.A1FJ.01",-21,"BRCA"
"TCGA.BH.A1FL.01",-37,"BRCA"
"TCGA.BH.A1FM.01",-3,"BRCA"
"TCGA.BH.A1FN.01",41,"BRCA"
"TCGA.BH.A1FR.01",-31,"BRCA"
"TCGA.BH.A1FU.01",-1,"BRCA"
"TCGA.BH.A201.01",-13,"BRCA"
"TCGA.BH.A202.01",17,"BRCA"
"TCGA.BH.A203.01",15,"BRCA"
"TCGA.BH.A204.01",-11,"BRCA"
"TCGA.BH.A208.01",-29,"BRCA"
"TCGA.BH.A209.01",-1,"BRCA"
"TCGA.BH.A28O.01",-41,"BRCA"
"TCGA.BH.A28Q.01",-39,"BRCA"
"TCGA.BH.A2L8.01",-19,"BRCA"
"TCGA.BH.A42T.01",-1,"BRCA"
"TCGA.BH.A42U.01",-25,"BRCA"
"TCGA.BH.A42V.01",-25,"BRCA"
"TCGA.BH.A5IZ.01",19,"BRCA"
"TCGA.BH.A5J0.01",9,"BRCA"
"TCGA.BH.A6R8.01",-15,"BRCA"
"TCGA.BH.A6R9.01",1,"BRCA"
"TCGA.BH.A8FY.01",-15,"BRCA"
"TCGA.BH.A8FZ.01",-15,"BRCA"
"TCGA.BH.A8G0.01",-37,"BRCA"
"TCGA.BH.AB28.01",-35,"BRCA"
"TCGA.C8.A12K.01",25,"BRCA"
"TCGA.C8.A12L.01",29,"BRCA"
"TCGA.C8.A12M.01",-25,"BRCA"
"TCGA.C8.A12N.01",-19,"BRCA"
"TCGA.C8.A12O.01",5,"BRCA"
"TCGA.C8.A12P.01",19,"BRCA"
"TCGA.C8.A12Q.01",-5,"BRCA"
"TCGA.C8.A12T.01",29,"BRCA"
"TCGA.C8.A12U.01",17,"BRCA"
"TCGA.C8.A12V.01",-7,"BRCA"
"TCGA.C8.A12W.01",-5,"BRCA"
"TCGA.C8.A12X.01",-21,"BRCA"
"TCGA.C8.A12Y.01",1,"BRCA"
"TCGA.C8.A12Z.01",15,"BRCA"
"TCGA.C8.A130.01",17,"BRCA"
"TCGA.C8.A131.01",29,"BRCA"
"TCGA.C8.A132.01",-25,"BRCA"
"TCGA.C8.A133.01",-19,"BRCA"
"TCGA.C8.A134.01",7,"BRCA"
"TCGA.C8.A135.01",17,"BRCA"
"TCGA.C8.A137.01",29,"BRCA"
"TCGA.C8.A138.01",-5,"BRCA"
"TCGA.C8.A1HE.01",-39,"BRCA"
"TCGA.C8.A1HF.01",29,"BRCA"
"TCGA.C8.A1HG.01",7,"BRCA"
"TCGA.C8.A1HI.01",-11,"BRCA"
"TCGA.C8.A1HJ.01",17,"BRCA"
"TCGA.C8.A1HK.01",-7,"BRCA"
"TCGA.C8.A1HL.01",-3,"BRCA"
"TCGA.C8.A1HM.01",3,"BRCA"
"TCGA.C8.A1HN.01",-3,"BRCA"
"TCGA.C8.A1HO.01",-19,"BRCA"
"TCGA.C8.A26V.01",11,"BRCA"
"TCGA.C8.A26W.01",1,"BRCA"
"TCGA.C8.A26X.01",35,"BRCA"
"TCGA.C8.A26Y.01",27,"BRCA"
"TCGA.C8.A26Z.01",-5,"BRCA"
"TCGA.C8.A273.01",-1,"BRCA"
"TCGA.C8.A274.01",-29,"BRCA"
"TCGA.C8.A275.01",5,"BRCA"
"TCGA.C8.A278.01",5,"BRCA"
"TCGA.C8.A27A.01",-9,"BRCA"
"TCGA.C8.A27B.01",13,"BRCA"
"TCGA.C8.A3M7.01",-33,"BRCA"
"TCGA.C8.A3M8.01",-21,"BRCA"
"TCGA.C8.A8HP.01",9,"BRCA"
"TCGA.C8.A8HQ.01",1,"BRCA"
"TCGA.C8.A8HR.01",-19,"BRCA"
"TCGA.D8.A13Y.01",7,"BRCA"
"TCGA.D8.A13Z.01",23,"BRCA"
"TCGA.D8.A140.01",-47,"BRCA"
"TCGA.D8.A141.01",-33,"BRCA"
"TCGA.D8.A142.01",9,"BRCA"
"TCGA.D8.A143.01",37,"BRCA"
"TCGA.D8.A145.01",-43,"BRCA"
"TCGA.D8.A147.01",-7,"BRCA"
"TCGA.D8.A1J8.01",11,"BRCA"
"TCGA.D8.A1J9.01",-1,"BRCA"
"TCGA.D8.A1JA.01",9,"BRCA"
"TCGA.D8.A1JB.01",-41,"BRCA"
"TCGA.D8.A1JC.01",-13,"BRCA"
"TCGA.D8.A1JD.01",-1,"BRCA"
"TCGA.D8.A1JE.01",-23,"BRCA"
"TCGA.D8.A1JF.01",-13,"BRCA"
"TCGA.D8.A1JG.01",17,"BRCA"
"TCGA.D8.A1JH.01",-45,"BRCA"
"TCGA.D8.A1JI.01",-33,"BRCA"
"TCGA.D8.A1JJ.01",11,"BRCA"
"TCGA.D8.A1JK.01",43,"BRCA"
"TCGA.D8.A1JL.01",19,"BRCA"
"TCGA.D8.A1JM.01",31,"BRCA"
"TCGA.D8.A1JN.01",-27,"BRCA"
"TCGA.D8.A1JP.01",-3,"BRCA"
"TCGA.D8.A1JS.01",-11,"BRCA"
"TCGA.D8.A1JT.01",-1,"BRCA"
"TCGA.D8.A1JU.01",-35,"BRCA"
"TCGA.D8.A1X5.01",-25,"BRCA"
"TCGA.D8.A1X6.01",-9,"BRCA"
"TCGA.D8.A1X7.01",-31,"BRCA"
"TCGA.D8.A1X8.01",-29,"BRCA"
"TCGA.D8.A1X9.01",-9,"BRCA"
"TCGA.D8.A1XA.01",-23,"BRCA"
"TCGA.D8.A1XB.01",-37,"BRCA"
"TCGA.D8.A1XC.01",-21,"BRCA"
"TCGA.D8.A1XD.01",-19,"BRCA"
"TCGA.D8.A1XF.01",-9,"BRCA"
"TCGA.D8.A1XG.01",-37,"BRCA"
"TCGA.D8.A1XJ.01",33,"BRCA"
"TCGA.D8.A1XK.01",33,"BRCA"
"TCGA.D8.A1XL.01",21,"BRCA"
"TCGA.D8.A1XM.01",-31,"BRCA"
"TCGA.D8.A1XO.01",-43,"BRCA"
"TCGA.D8.A1XQ.01",9,"BRCA"
"TCGA.D8.A1XR.01",-21,"BRCA"
"TCGA.D8.A1XS.01",-21,"BRCA"
"TCGA.D8.A1XT.01",15,"BRCA"
"TCGA.D8.A1XU.01",-25,"BRCA"
"TCGA.D8.A1XV.01",-25,"BRCA"
"TCGA.D8.A1XW.01",-13,"BRCA"
"TCGA.D8.A1XY.01",-29,"BRCA"
"TCGA.D8.A1XZ.01",3,"BRCA"
"TCGA.D8.A1Y0.01",-17,"BRCA"
"TCGA.D8.A1Y1.01",3,"BRCA"
"TCGA.D8.A1Y2.01",9,"BRCA"
"TCGA.D8.A1Y3.01",19,"BRCA"
"TCGA.D8.A27E.01",-33,"BRCA"
"TCGA.D8.A27F.01",27,"BRCA"
"TCGA.D8.A27G.01",-3,"BRCA"
"TCGA.D8.A27H.01",-1,"BRCA"
"TCGA.D8.A27I.01",-39,"BRCA"
"TCGA.D8.A27K.01",-41,"BRCA"
"TCGA.D8.A27L.01",-35,"BRCA"
"TCGA.D8.A27M.01",13,"BRCA"
"TCGA.D8.A27N.01",13,"BRCA"
"TCGA.D8.A27P.01",-33,"BRCA"
"TCGA.D8.A27R.01",11,"BRCA"
"TCGA.D8.A27T.01",-37,"BRCA"
"TCGA.D8.A27V.01",-31,"BRCA"
"TCGA.D8.A27W.01",13,"BRCA"
"TCGA.D8.A3Z5.01",-35,"BRCA"
"TCGA.D8.A3Z6.01",-27,"BRCA"
"TCGA.D8.A4Z1.01",-41,"BRCA"
"TCGA.D8.A73U.01",-47,"BRCA"
"TCGA.D8.A73W.01",-33,"BRCA"
"TCGA.D8.A73X.01",-41,"BRCA"
"TCGA.E2.A105.01",-21,"BRCA"
"TCGA.E2.A107.01",-9,"BRCA"
"TCGA.E2.A108.01",-17,"BRCA"
"TCGA.E2.A109.01",1,"BRCA"
"TCGA.E2.A10A.01",-29,"BRCA"
"TCGA.E2.A10B.01",-29,"BRCA"
"TCGA.E2.A10C.01",1,"BRCA"
"TCGA.E2.A10E.01",-29,"BRCA"
"TCGA.E2.A10F.01",-39,"BRCA"
"TCGA.E2.A14N.01",27,"BRCA"
"TCGA.E2.A14O.01",11,"BRCA"
"TCGA.E2.A14P.01",17,"BRCA"
"TCGA.E2.A14Q.01",-31,"BRCA"
"TCGA.E2.A14R.01",27,"BRCA"
"TCGA.E2.A14S.01",-11,"BRCA"
"TCGA.E2.A14T.01",-7,"BRCA"
"TCGA.E2.A14U.01",-37,"BRCA"
"TCGA.E2.A14V.01",19,"BRCA"
"TCGA.E2.A14W.01",21,"BRCA"
"TCGA.E2.A14X.01",7,"BRCA"
"TCGA.E2.A14Y.01",37,"BRCA"
"TCGA.E2.A14Z.01",-11,"BRCA"
"TCGA.E2.A150.01",25,"BRCA"
"TCGA.E2.A152.01",17,"BRCA"
"TCGA.E2.A153.01",-7,"BRCA"
"TCGA.E2.A154.01",-13,"BRCA"
"TCGA.E2.A155.01",-9,"BRCA"
"TCGA.E2.A156.01",-29,"BRCA"
"TCGA.E2.A158.01",7,"BRCA"
"TCGA.E2.A159.01",31,"BRCA"
"TCGA.E2.A15A.01",-15,"BRCA"
"TCGA.E2.A15C.01",-25,"BRCA"
"TCGA.E2.A15D.01",-37,"BRCA"
"TCGA.E2.A15E.01",-27,"BRCA"
"TCGA.E2.A15F.01",-17,"BRCA"
"TCGA.E2.A15G.01",-41,"BRCA"
"TCGA.E2.A15H.01",-11,"BRCA"
"TCGA.E2.A15I.01",-37,"BRCA"
"TCGA.E2.A15J.01",-29,"BRCA"
"TCGA.E2.A15K.01",-41,"BRCA"
"TCGA.E2.A15L.01",-29,"BRCA"
"TCGA.E2.A15M.01",-9,"BRCA"
"TCGA.E2.A15O.01",-21,"BRCA"
"TCGA.E2.A15P.01",-37,"BRCA"
"TCGA.E2.A15R.01",-15,"BRCA"
"TCGA.E2.A15S.01",-11,"BRCA"
"TCGA.E2.A15T.01",-19,"BRCA"
"TCGA.E2.A1AZ.01",9,"BRCA"
"TCGA.E2.A1B0.01",9,"BRCA"
"TCGA.E2.A1B1.01",-19,"BRCA"
"TCGA.E2.A1B4.01",-29,"BRCA"
"TCGA.E2.A1B5.01",-27,"BRCA"
"TCGA.E2.A1B6.01",5,"BRCA"
"TCGA.E2.A1BC.01",-33,"BRCA"
"TCGA.E2.A1BD.01",-23,"BRCA"
"TCGA.E2.A1IE.01",-29,"BRCA"
"TCGA.E2.A1IF.01",-11,"BRCA"
"TCGA.E2.A1IG.01",-41,"BRCA"
"TCGA.E2.A1IH.01",-21,"BRCA"
"TCGA.E2.A1II.01",9,"BRCA"
"TCGA.E2.A1IJ.01",-45,"BRCA"
"TCGA.E2.A1IK.01",-19,"BRCA"
"TCGA.E2.A1IL.01",-45,"BRCA"
"TCGA.E2.A1IN.01",-19,"BRCA"
"TCGA.E2.A1IO.01",-31,"BRCA"
"TCGA.E2.A1IU.01",-31,"BRCA"
"TCGA.E2.A1L6.01",-37,"BRCA"
"TCGA.E2.A1L7.01",3,"BRCA"
"TCGA.E2.A1L8.01",-33,"BRCA"
"TCGA.E2.A1L9.01",-21,"BRCA"
"TCGA.E2.A1LA.01",-11,"BRCA"
"TCGA.E2.A1LB.01",-7,"BRCA"
"TCGA.E2.A1LE.01",-7,"BRCA"
"TCGA.E2.A1LG.01",-5,"BRCA"
"TCGA.E2.A1LH.01",5,"BRCA"
"TCGA.E2.A1LI.01",9,"BRCA"
"TCGA.E2.A1LK.01",29,"BRCA"
"TCGA.E2.A1LL.01",39,"BRCA"
"TCGA.E2.A1LS.01",-23,"BRCA"
"TCGA.E2.A2P5.01",-1,"BRCA"
"TCGA.E2.A2P6.01",-23,"BRCA"
"TCGA.E2.A3DX.01",-43,"BRCA"
"TCGA.E2.A56Z.01",-13,"BRCA"
"TCGA.E2.A570.01",-9,"BRCA"
"TCGA.E2.A573.01",39,"BRCA"
"TCGA.E2.A574.01",35,"BRCA"
"TCGA.E2.A576.01",-5,"BRCA"
"TCGA.E2.A9RU.01",39,"BRCA"
"TCGA.E9.A1N3.01",-23,"BRCA"
"TCGA.E9.A1N4.01",-19,"BRCA"
"TCGA.E9.A1N5.01",-21,"BRCA"
"TCGA.E9.A1N6.01",9,"BRCA"
"TCGA.E9.A1N8.01",9,"BRCA"
"TCGA.E9.A1N9.01",-7,"BRCA"
"TCGA.E9.A1NA.01",-1,"BRCA"
"TCGA.E9.A1NC.01",43,"BRCA"
"TCGA.E9.A1ND.01",23,"BRCA"
"TCGA.E9.A1NE.01",-27,"BRCA"
"TCGA.E9.A1NF.01",15,"BRCA"
"TCGA.E9.A1NG.01",-7,"BRCA"
"TCGA.E9.A1NH.01",-37,"BRCA"
"TCGA.E9.A1NI.01",9,"BRCA"
"TCGA.E9.A1QZ.01",-19,"BRCA"
"TCGA.E9.A1R0.01",-23,"BRCA"
"TCGA.E9.A1R2.01",-17,"BRCA"
"TCGA.E9.A1R3.01",-29,"BRCA"
"TCGA.E9.A1R4.01",-19,"BRCA"
"TCGA.E9.A1R5.01",-29,"BRCA"
"TCGA.E9.A1R6.01",-3,"BRCA"
"TCGA.E9.A1R7.01",-21,"BRCA"
"TCGA.E9.A1RA.01",-27,"BRCA"
"TCGA.E9.A1RB.01",25,"BRCA"
"TCGA.E9.A1RC.01",11,"BRCA"
"TCGA.E9.A1RD.01",-33,"BRCA"
"TCGA.E9.A1RE.01",-7,"BRCA"
"TCGA.E9.A1RF.01",-1,"BRCA"
"TCGA.E9.A1RG.01",21,"BRCA"
"TCGA.E9.A1RH.01",31,"BRCA"
"TCGA.E9.A1RI.01",-35,"BRCA"
"TCGA.E9.A226.01",-25,"BRCA"
"TCGA.E9.A227.01",-33,"BRCA"
"TCGA.E9.A228.01",-17,"BRCA"
"TCGA.E9.A229.01",-31,"BRCA"
"TCGA.E9.A22A.01",11,"BRCA"
"TCGA.E9.A22B.01",5,"BRCA"
"TCGA.E9.A22D.01",3,"BRCA"
"TCGA.E9.A22E.01",5,"BRCA"
"TCGA.E9.A22G.01",19,"BRCA"
"TCGA.E9.A22H.01",-19,"BRCA"
"TCGA.E9.A243.01",-11,"BRCA"
"TCGA.E9.A244.01",23,"BRCA"
"TCGA.E9.A245.01",-19,"BRCA"
"TCGA.E9.A247.01",1,"BRCA"
"TCGA.E9.A248.01",-11,"BRCA"
"TCGA.E9.A249.01",-27,"BRCA"
"TCGA.E9.A24A.01",-29,"BRCA"
"TCGA.E9.A295.01",-19,"BRCA"
"TCGA.E9.A2JS.01",7,"BRCA"
"TCGA.E9.A2JT.01",-43,"BRCA"
"TCGA.E9.A3HO.01",-19,"BRCA"
"TCGA.E9.A3Q9.01",-39,"BRCA"
"TCGA.E9.A3QA.01",17,"BRCA"
"TCGA.E9.A3X8.01",-3,"BRCA"
"TCGA.E9.A54X.01",23,"BRCA"
"TCGA.E9.A54Y.01",-13,"BRCA"
"TCGA.E9.A5FK.01",-15,"BRCA"
"TCGA.E9.A5FL.01",31,"BRCA"
"TCGA.E9.A5UO.01",-39,"BRCA"
"TCGA.E9.A5UP.01",-25,"BRCA"
"TCGA.E9.A6HE.01",11,"BRCA"
"TCGA.EW.A1IW.01",-11,"BRCA"
"TCGA.EW.A1IX.01",-43,"BRCA"
"TCGA.EW.A1IY.01",-15,"BRCA"
"TCGA.EW.A1IZ.01",-13,"BRCA"
"TCGA.EW.A1J1.01",-23,"BRCA"
"TCGA.EW.A1J2.01",-43,"BRCA"
"TCGA.EW.A1J3.01",-11,"BRCA"
"TCGA.EW.A1J5.01",-33,"BRCA"
"TCGA.EW.A1J6.01",-7,"BRCA"
"TCGA.EW.A1OV.01",-9,"BRCA"
"TCGA.EW.A1OW.01",21,"BRCA"
"TCGA.EW.A1OX.01",-33,"BRCA"
"TCGA.EW.A1OY.01",15,"BRCA"
"TCGA.EW.A1OZ.01",7,"BRCA"
"TCGA.EW.A1P0.01",-27,"BRCA"
"TCGA.EW.A1P1.01",-15,"BRCA"
"TCGA.EW.A1P3.01",-9,"BRCA"
"TCGA.EW.A1P4.01",39,"BRCA"
"TCGA.EW.A1P5.01",-25,"BRCA"
"TCGA.EW.A1P6.01",-21,"BRCA"
"TCGA.EW.A1P7.01",-33,"BRCA"
"TCGA.EW.A1P8.01",23,"BRCA"
"TCGA.EW.A1PA.01",-5,"BRCA"
"TCGA.EW.A1PB.01",21,"BRCA"
"TCGA.EW.A1PC.01",1,"BRCA"
"TCGA.EW.A1PD.01",-17,"BRCA"
"TCGA.EW.A1PE.01",-35,"BRCA"
"TCGA.EW.A1PF.01",-37,"BRCA"
"TCGA.EW.A1PG.01",-11,"BRCA"
"TCGA.EW.A1PH.01",25,"BRCA"
"TCGA.EW.A2FR.01",5,"BRCA"
"TCGA.EW.A2FS.01",-11,"BRCA"
"TCGA.EW.A2FV.01",1,"BRCA"
"TCGA.EW.A2FW.01",-9,"BRCA"
"TCGA.EW.A3E8.01",-29,"BRCA"
"TCGA.EW.A3U0.01",-17,"BRCA"
"TCGA.EW.A423.01",-27,"BRCA"
"TCGA.EW.A424.01",-25,"BRCA"
"TCGA.EW.A6S9.01",-7,"BRCA"
"TCGA.EW.A6SA.01",-3,"BRCA"
"TCGA.EW.A6SB.01",11,"BRCA"
"TCGA.EW.A6SC.01",-23,"BRCA"
"TCGA.EW.A6SD.01",9,"BRCA"
"TCGA.GI.A2C8.01",-29,"BRCA"
"TCGA.GI.A2C9.01",3,"BRCA"
"TCGA.GM.A2D9.01",-23,"BRCA"
"TCGA.GM.A2DA.01",-25,"BRCA"
"TCGA.GM.A2DB.01",31,"BRCA"
"TCGA.GM.A2DC.01",-19,"BRCA"
"TCGA.GM.A2DD.01",27,"BRCA"
"TCGA.GM.A2DF.01",21,"BRCA"
"TCGA.GM.A2DH.01",-1,"BRCA"
"TCGA.GM.A2DI.01",-33,"BRCA"
"TCGA.GM.A2DK.01",-17,"BRCA"
"TCGA.GM.A2DL.01",9,"BRCA"
"TCGA.GM.A2DM.01",-23,"BRCA"
"TCGA.GM.A2DN.01",-35,"BRCA"
"TCGA.GM.A2DO.01",-23,"BRCA"
"TCGA.GM.A3NW.01",-35,"BRCA"
"TCGA.GM.A3NY.01",-29,"BRCA"
"TCGA.GM.A3XG.01",-17,"BRCA"
"TCGA.GM.A3XL.01",31,"BRCA"
"TCGA.GM.A3XN.01",-29,"BRCA"
"TCGA.GM.A4E0.01",-33,"BRCA"
"TCGA.GM.A5PV.01",-19,"BRCA"
"TCGA.GM.A5PX.01",-27,"BRCA"
"TCGA.HN.A2NL.01",-5,"BRCA"
"TCGA.HN.A2OB.01",-39,"BRCA"
"TCGA.JL.A3YW.01",43,"BRCA"
"TCGA.JL.A3YX.01",17,"BRCA"
"TCGA.LD.A66U.01",-15,"BRCA"
"TCGA.LD.A74U.01",-21,"BRCA"
"TCGA.LD.A7W5.01",-31,"BRCA"
"TCGA.LD.A7W6.01",-39,"BRCA"
"TCGA.LD.A9QF.01",-11,"BRCA"
"TCGA.LL.A440.01",-35,"BRCA"
"TCGA.LL.A441.01",-25,"BRCA"
"TCGA.LL.A442.01",-37,"BRCA"
"TCGA.LL.A50Y.01",-21,"BRCA"
"TCGA.LL.A5YL.01",-5,"BRCA"
"TCGA.LL.A5YM.01",1,"BRCA"
"TCGA.LL.A5YN.01",-5,"BRCA"
"TCGA.LL.A5YO.01",11,"BRCA"
"TCGA.LL.A5YP.01",9,"BRCA"
"TCGA.LL.A6FP.01",-17,"BRCA"
"TCGA.LL.A6FQ.01",1,"BRCA"
"TCGA.LL.A6FR.01",37,"BRCA"
"TCGA.LL.A73Y.01",-19,"BRCA"
"TCGA.LL.A73Z.01",5,"BRCA"
"TCGA.LL.A740.01",-1,"BRCA"
"TCGA.LL.A7SZ.01",25,"BRCA"
"TCGA.LL.A7T0.01",5,"BRCA"
"TCGA.LL.A8F5.01",43,"BRCA"
"TCGA.LL.A9Q3.01",-13,"BRCA"
"TCGA.LQ.A4E4.01",-23,"BRCA"
"TCGA.MS.A51U.01",-41,"BRCA"
"TCGA.OK.A5Q2.01",-21,"BRCA"
"TCGA.OL.A5D6.01",-5,"BRCA"
"TCGA.OL.A5D7.01",21,"BRCA"
"TCGA.OL.A5D8.01",-27,"BRCA"
"TCGA.OL.A5DA.01",-29,"BRCA"
"TCGA.OL.A5RU.01",-31,"BRCA"
"TCGA.OL.A5RV.01",-39,"BRCA"
"TCGA.OL.A5RW.01",35,"BRCA"
"TCGA.OL.A5RX.01",-37,"BRCA"
"TCGA.OL.A5RY.01",11,"BRCA"
"TCGA.OL.A5RZ.01",3,"BRCA"
"TCGA.OL.A5S0.01",43,"BRCA"
"TCGA.OL.A66H.01",-13,"BRCA"
"TCGA.OL.A66I.01",15,"BRCA"
"TCGA.OL.A66J.01",-25,"BRCA"
"TCGA.OL.A66K.01",-25,"BRCA"
"TCGA.OL.A66L.01",-13,"BRCA"
"TCGA.OL.A66N.01",-17,"BRCA"
"TCGA.OL.A66O.01",5,"BRCA"
"TCGA.OL.A66P.01",15,"BRCA"
"TCGA.OL.A6VO.01",23,"BRCA"
"TCGA.OL.A6VQ.01",-35,"BRCA"
"TCGA.OL.A6VR.01",-15,"BRCA"
"TCGA.OL.A97C.01",9,"BRCA"
"TCGA.PE.A5DC.01",-5,"BRCA"
"TCGA.PE.A5DD.01",-23,"BRCA"
"TCGA.PE.A5DE.01",-25,"BRCA"
"TCGA.PL.A8LV.01",13,"BRCA"
"TCGA.PL.A8LX.01",-27,"BRCA"
"TCGA.PL.A8LY.01",-25,"BRCA"
"TCGA.PL.A8LZ.01",-3,"BRCA"
"TCGA.S3.A6ZF.01",-13,"BRCA"
"TCGA.S3.A6ZG.01",-29,"BRCA"
"TCGA.S3.A6ZH.01",-13,"BRCA"
"TCGA.S3.AA0Z.01",-15,"BRCA"
"TCGA.S3.AA10.01",15,"BRCA"
"TCGA.S3.AA11.01",-29,"BRCA"
"TCGA.S3.AA12.01",-13,"BRCA"
"TCGA.S3.AA14.01",-29,"BRCA"
"TCGA.S3.AA15.01",-9,"BRCA"
"TCGA.S3.AA17.01",-13,"BRCA"
"TCGA.UL.AAZ6.01",21,"BRCA"
"TCGA.UU.A93S.01",15,"BRCA"
"TCGA.V7.A7HQ.01",7,"BRCA"
"TCGA.W8.A86G.01",-31,"BRCA"
"TCGA.WT.AB41.01",-19,"BRCA"
"TCGA.WT.AB44.01",-21,"BRCA"
"TCGA.XX.A899.01",-37,"BRCA"
"TCGA.XX.A89A.01",-31,"BRCA"
"TCGA.Z7.A8R5.01",-13,"BRCA"
"TCGA.Z7.A8R6.01",21,"BRCA"
"TCGA.2W.A8YY.01",33,"CESC"
"TCGA.4J.AA1J.01",15,"CESC"
"TCGA.BI.A0VR.01",33,"CESC"
"TCGA.BI.A0VS.01",37,"CESC"
"TCGA.BI.A20A.01",17,"CESC"
"TCGA.C5.A0TN.01",43,"CESC"
"TCGA.C5.A1BE.01",35,"CESC"
"TCGA.C5.A1BF.01",39,"CESC"
"TCGA.C5.A1BI.01",33,"CESC"
"TCGA.C5.A1BJ.01",35,"CESC"
"TCGA.C5.A1BK.01",9,"CESC"
"TCGA.C5.A1BL.01",29,"CESC"
"TCGA.C5.A1BM.01",19,"CESC"
"TCGA.C5.A1BN.01",41,"CESC"
"TCGA.C5.A1BQ.01",43,"CESC"
"TCGA.C5.A1M5.01",7,"CESC"
"TCGA.C5.A1M6.01",21,"CESC"
"TCGA.C5.A1M7.01",23,"CESC"
"TCGA.C5.A1M8.01",29,"CESC"
"TCGA.C5.A1M9.01",33,"CESC"
"TCGA.C5.A1ME.01",5,"CESC"
"TCGA.C5.A1MF.01",29,"CESC"
"TCGA.C5.A1MH.01",27,"CESC"
"TCGA.C5.A1MI.01",-7,"CESC"
"TCGA.C5.A1MJ.01",13,"CESC"
"TCGA.C5.A1MK.01",41,"CESC"
"TCGA.C5.A1ML.01",33,"CESC"
"TCGA.C5.A1MN.01",37,"CESC"
"TCGA.C5.A1MP.01",-3,"CESC"
"TCGA.C5.A1MQ.01",29,"CESC"
"TCGA.C5.A2LS.01",-11,"CESC"
"TCGA.C5.A2LT.01",27,"CESC"
"TCGA.C5.A2LV.01",43,"CESC"
"TCGA.C5.A2LX.01",9,"CESC"
"TCGA.C5.A2LY.01",25,"CESC"
"TCGA.C5.A2LZ.01",33,"CESC"
"TCGA.C5.A2M1.01",17,"CESC"
"TCGA.C5.A2M2.01",9,"CESC"
"TCGA.C5.A3HD.01",33,"CESC"
"TCGA.C5.A3HE.01",41,"CESC"
"TCGA.C5.A3HF.01",17,"CESC"
"TCGA.C5.A3HL.01",35,"CESC"
"TCGA.C5.A7CG.01",3,"CESC"
"TCGA.C5.A7CH.01",37,"CESC"
"TCGA.C5.A7CJ.01",3,"CESC"
"TCGA.C5.A7CK.01",41,"CESC"
"TCGA.C5.A7CL.01",41,"CESC"
"TCGA.C5.A7CM.01",23,"CESC"
"TCGA.C5.A7CO.01",37,"CESC"
"TCGA.C5.A7UC.01",47,"CESC"
"TCGA.C5.A7UE.01",29,"CESC"
"TCGA.C5.A7UH.01",41,"CESC"
"TCGA.C5.A7UI.01",35,"CESC"
"TCGA.C5.A7X3.01",33,"CESC"
"TCGA.C5.A7X5.01",33,"CESC"
"TCGA.C5.A7X8.01",9,"CESC"
"TCGA.C5.A7XC.01",3,"CESC"
"TCGA.C5.A8XH.01",29,"CESC"
"TCGA.C5.A8XI.01",29,"CESC"
"TCGA.C5.A8XJ.01",27,"CESC"
"TCGA.C5.A8XK.01",39,"CESC"
"TCGA.C5.A8YQ.01",21,"CESC"
"TCGA.C5.A8YR.01",47,"CESC"
"TCGA.C5.A8YT.01",-3,"CESC"
"TCGA.C5.A8ZZ.01",33,"CESC"
"TCGA.C5.A907.01",35,"CESC"
"TCGA.DG.A2KH.01",21,"CESC"
"TCGA.DG.A2KJ.01",11,"CESC"
"TCGA.DG.A2KK.01",35,"CESC"
"TCGA.DG.A2KL.01",23,"CESC"
"TCGA.DG.A2KM.01",3,"CESC"
"TCGA.DR.A0ZL.01",27,"CESC"
"TCGA.DR.A0ZM.01",15,"CESC"
"TCGA.DS.A0VK.01",17,"CESC"
"TCGA.DS.A0VL.01",17,"CESC"
"TCGA.DS.A0VM.01",39,"CESC"
"TCGA.DS.A0VN.01",43,"CESC"
"TCGA.DS.A1OA.01",9,"CESC"
"TCGA.DS.A3LQ.01",27,"CESC"
"TCGA.DS.A5RQ.01",25,"CESC"
"TCGA.DS.A7WF.01",-7,"CESC"
"TCGA.DS.A7WH.01",3,"CESC"
"TCGA.DS.A7WI.01",31,"CESC"
"TCGA.EA.A1QS.01",11,"CESC"
"TCGA.EA.A1QT.01",31,"CESC"
"TCGA.EA.A3HQ.01",15,"CESC"
"TCGA.EA.A3HR.01",21,"CESC"
"TCGA.EA.A3HS.01",15,"CESC"
"TCGA.EA.A3HT.01",27,"CESC"
"TCGA.EA.A3HU.01",35,"CESC"
"TCGA.EA.A3QD.01",17,"CESC"
"TCGA.EA.A3QE.01",11,"CESC"
"TCGA.EA.A3Y4.01",37,"CESC"
"TCGA.EA.A410.01",23,"CESC"
"TCGA.EA.A411.01",15,"CESC"
"TCGA.EA.A439.01",1,"CESC"
"TCGA.EA.A43B.01",37,"CESC"
"TCGA.EA.A44S.01",33,"CESC"
"TCGA.EA.A4BA.01",23,"CESC"
"TCGA.EA.A50E.01",47,"CESC"
"TCGA.EA.A556.01",27,"CESC"
"TCGA.EA.A5FO.01",29,"CESC"
"TCGA.EA.A5O9.01",39,"CESC"
"TCGA.EA.A5ZD.01",3,"CESC"
"TCGA.EA.A5ZE.01",5,"CESC"
"TCGA.EA.A5ZF.01",1,"CESC"
"TCGA.EA.A6QX.01",23,"CESC"
"TCGA.EA.A78R.01",37,"CESC"
"TCGA.EA.A97N.01",17,"CESC"
"TCGA.EK.A2GZ.01",39,"CESC"
"TCGA.EK.A2H0.01",43,"CESC"
"TCGA.EK.A2H1.01",41,"CESC"
"TCGA.EK.A2IP.01",25,"CESC"
"TCGA.EK.A2PG.01",45,"CESC"
"TCGA.EK.A2PI.01",19,"CESC"
"TCGA.EK.A2PK.01",-1,"CESC"
"TCGA.EK.A2PL.01",13,"CESC"
"TCGA.EK.A2PM.01",41,"CESC"
"TCGA.EK.A2R7.01",5,"CESC"
"TCGA.EK.A2R8.01",49,"CESC"
"TCGA.EK.A2R9.01",21,"CESC"
"TCGA.EK.A2RA.01",15,"CESC"
"TCGA.EK.A2RB.01",29,"CESC"
"TCGA.EK.A2RC.01",19,"CESC"
"TCGA.EK.A2RE.01",39,"CESC"
"TCGA.EK.A2RJ.01",31,"CESC"
"TCGA.EK.A2RK.01",31,"CESC"
"TCGA.EK.A2RL.01",13,"CESC"
"TCGA.EK.A2RM.01",21,"CESC"
"TCGA.EK.A2RN.01",9,"CESC"
"TCGA.EK.A2RO.01",47,"CESC"
"TCGA.EK.A3GJ.01",41,"CESC"
"TCGA.EK.A3GK.01",15,"CESC"
"TCGA.EK.A3GM.01",7,"CESC"
"TCGA.EK.A3GN.01",31,"CESC"
"TCGA.EX.A1H5.01",21,"CESC"
"TCGA.EX.A1H6.01",-7,"CESC"
"TCGA.EX.A3L1.01",37,"CESC"
"TCGA.EX.A69L.01",27,"CESC"
"TCGA.EX.A69M.01",5,"CESC"
"TCGA.EX.A8YF.01",1,"CESC"
"TCGA.FU.A23K.01",29,"CESC"
"TCGA.FU.A23L.01",9,"CESC"
"TCGA.FU.A2QG.01",23,"CESC"
"TCGA.FU.A3EO.01",11,"CESC"
"TCGA.FU.A3HY.01",43,"CESC"
"TCGA.FU.A3HZ.01",41,"CESC"
"TCGA.FU.A3NI.01",11,"CESC"
"TCGA.FU.A3TQ.01",25,"CESC"
"TCGA.FU.A3TX.01",23,"CESC"
"TCGA.FU.A3WB.01",17,"CESC"
"TCGA.FU.A3YQ.01",3,"CESC"
"TCGA.FU.A40J.01",-11,"CESC"
"TCGA.FU.A57G.01",-3,"CESC"
"TCGA.FU.A5XV.01",17,"CESC"
"TCGA.FU.A770.01",11,"CESC"
"TCGA.GH.A9DA.01",27,"CESC"
"TCGA.HG.A2PA.01",3,"CESC"
"TCGA.HM.A3JJ.01",23,"CESC"
"TCGA.HM.A3JK.01",5,"CESC"
"TCGA.HM.A4S6.01",29,"CESC"
"TCGA.HM.A6W2.01",23,"CESC"
"TCGA.IR.A3L7.01",-7,"CESC"
"TCGA.IR.A3LA.01",-7,"CESC"
"TCGA.IR.A3LB.01",5,"CESC"
"TCGA.IR.A3LC.01",17,"CESC"
"TCGA.IR.A3LF.01",-15,"CESC"
"TCGA.IR.A3LH.01",23,"CESC"
"TCGA.IR.A3LI.01",21,"CESC"
"TCGA.IR.A3LK.01",35,"CESC"
"TCGA.IR.A3LL.01",35,"CESC"
"TCGA.JW.A5VG.01",31,"CESC"
"TCGA.JW.A5VH.01",35,"CESC"
"TCGA.JW.A5VI.01",19,"CESC"
"TCGA.JW.A5VJ.01",35,"CESC"
"TCGA.JW.A5VK.01",43,"CESC"
"TCGA.JW.A5VL.01",29,"CESC"
"TCGA.JW.A69B.01",21,"CESC"
"TCGA.JW.A852.01",37,"CESC"
"TCGA.JW.AAVH.01",11,"CESC"
"TCGA.JX.A3PZ.01",47,"CESC"
"TCGA.JX.A3Q0.01",31,"CESC"
"TCGA.JX.A3Q8.01",9,"CESC"
"TCGA.JX.A5QV.01",23,"CESC"
"TCGA.LP.A4AU.01",37,"CESC"
"TCGA.LP.A4AV.01",33,"CESC"
"TCGA.LP.A4AW.01",33,"CESC"
"TCGA.LP.A4AX.01",21,"CESC"
"TCGA.LP.A5U2.01",35,"CESC"
"TCGA.LP.A5U3.01",29,"CESC"
"TCGA.LP.A7HU.01",11,"CESC"
"TCGA.MA.AA3W.01",11,"CESC"
"TCGA.MA.AA3X.01",17,"CESC"
"TCGA.MA.AA3Y.01",49,"CESC"
"TCGA.MA.AA3Z.01",21,"CESC"
"TCGA.MA.AA41.01",39,"CESC"
"TCGA.MA.AA42.01",31,"CESC"
"TCGA.MA.AA43.01",31,"CESC"
"TCGA.MU.A51Y.01",9,"CESC"
"TCGA.MU.A5YI.01",1,"CESC"
"TCGA.MU.A8JM.01",35,"CESC"
"TCGA.MY.A5BD.01",27,"CESC"
"TCGA.MY.A5BE.01",17,"CESC"
"TCGA.MY.A5BF.01",47,"CESC"
"TCGA.MY.A913.01",41,"CESC"
"TCGA.PN.A8MA.01",1,"CESC"
"TCGA.Q1.A5R1.01",1,"CESC"
"TCGA.Q1.A5R2.01",33,"CESC"
"TCGA.Q1.A5R3.01",19,"CESC"
"TCGA.Q1.A6DT.01",35,"CESC"
"TCGA.Q1.A6DV.01",-3,"CESC"
"TCGA.Q1.A6DW.01",31,"CESC"
"TCGA.Q1.A73O.01",37,"CESC"
"TCGA.Q1.A73P.01",-9,"CESC"
"TCGA.Q1.A73Q.01",33,"CESC"
"TCGA.Q1.A73R.01",-5,"CESC"
"TCGA.Q1.A73S.01",33,"CESC"
"TCGA.R2.A69V.01",35,"CESC"
"TCGA.RA.A741.01",15,"CESC"
"TCGA.UC.A7PD.01",43,"CESC"
"TCGA.UC.A7PF.01",25,"CESC"
"TCGA.UC.A7PG.01",17,"CESC"
"TCGA.UC.A7PI.01",-7,"CESC"
"TCGA.VS.A8EB.01",37,"CESC"
"TCGA.VS.A8EC.01",35,"CESC"
"TCGA.VS.A8EG.01",27,"CESC"
"TCGA.VS.A8EH.01",23,"CESC"
"TCGA.VS.A8EI.01",25,"CESC"
"TCGA.VS.A8EJ.01",27,"CESC"
"TCGA.VS.A8EL.01",37,"CESC"
"TCGA.VS.A8Q8.01",15,"CESC"
"TCGA.VS.A8Q9.01",35,"CESC"
"TCGA.VS.A8QA.01",31,"CESC"
"TCGA.VS.A8QC.01",41,"CESC"
"TCGA.VS.A8QF.01",33,"CESC"
"TCGA.VS.A8QH.01",29,"CESC"
"TCGA.VS.A8QM.01",15,"CESC"
"TCGA.VS.A94W.01",19,"CESC"
"TCGA.VS.A94X.01",33,"CESC"
"TCGA.VS.A94Y.01",43,"CESC"
"TCGA.VS.A94Z.01",17,"CESC"
"TCGA.VS.A950.01",43,"CESC"
"TCGA.VS.A952.01",-5,"CESC"
"TCGA.VS.A953.01",47,"CESC"
"TCGA.VS.A954.01",39,"CESC"
"TCGA.VS.A957.01",21,"CESC"
"TCGA.VS.A958.01",21,"CESC"
"TCGA.VS.A959.01",3,"CESC"
"TCGA.VS.A9U5.01",15,"CESC"
"TCGA.VS.A9U6.01",31,"CESC"
"TCGA.VS.A9U7.01",25,"CESC"
"TCGA.VS.A9UB.01",27,"CESC"
"TCGA.VS.A9UC.01",-7,"CESC"
"TCGA.VS.A9UD.01",29,"CESC"
"TCGA.VS.A9UH.01",33,"CESC"
"TCGA.VS.A9UI.01",25,"CESC"
"TCGA.VS.A9UJ.01",21,"CESC"
"TCGA.VS.A9UL.01",23,"CESC"
"TCGA.VS.A9UM.01",17,"CESC"
"TCGA.VS.A9UO.01",3,"CESC"
"TCGA.VS.A9UP.01",-3,"CESC"
"TCGA.VS.A9UQ.01",-15,"CESC"
"TCGA.VS.A9UR.01",11,"CESC"
"TCGA.VS.A9UT.01",-13,"CESC"
"TCGA.VS.A9UU.01",33,"CESC"
"TCGA.VS.A9UV.01",37,"CESC"
"TCGA.VS.A9UY.01",25,"CESC"
"TCGA.VS.A9UZ.01",-7,"CESC"
"TCGA.VS.A9V0.01",27,"CESC"
"TCGA.VS.A9V1.01",35,"CESC"
"TCGA.VS.A9V2.01",1,"CESC"
"TCGA.VS.A9V3.01",15,"CESC"
"TCGA.VS.A9V4.01",39,"CESC"
"TCGA.VS.A9V5.01",-5,"CESC"
"TCGA.VS.AA62.01",37,"CESC"
"TCGA.WL.A834.01",19,"CESC"
"TCGA.XS.A8TJ.01",3,"CESC"
"TCGA.ZJ.A8QO.01",29,"CESC"
"TCGA.ZJ.A8QQ.01",47,"CESC"
"TCGA.ZJ.A8QR.01",33,"CESC"
"TCGA.ZJ.AAX4.01",21,"CESC"
"TCGA.ZJ.AAX8.01",23,"CESC"
"TCGA.ZJ.AAXA.01",27,"CESC"
"TCGA.ZJ.AAXB.01",27,"CESC"
"TCGA.ZJ.AAXD.01",37,"CESC"
"TCGA.ZJ.AAXF.01",19,"CESC"
"TCGA.ZJ.AAXI.01",-11,"CESC"
"TCGA.ZJ.AAXJ.01",35,"CESC"
"TCGA.ZJ.AAXN.01",47,"CESC"
"TCGA.ZJ.AAXT.01",43,"CESC"
"TCGA.ZJ.AAXU.01",39,"CESC"
"TCGA.ZJ.AB0H.01",9,"CESC"
"TCGA.ZJ.AB0I.01",33,"CESC"
"TCGA.ZX.AA5X.01",15,"CESC"
"TCGA.3L.AA1B.01",5,"COADREAD"
"TCGA.4N.A93T.01",-15,"COADREAD"
"TCGA.4T.AA8H.01",15,"COADREAD"
"TCGA.5M.AAT4.01",35,"COADREAD"
"TCGA.5M.AAT5.01",33,"COADREAD"
"TCGA.5M.AAT6.01",17,"COADREAD"
"TCGA.5M.AATA.01",27,"COADREAD"
"TCGA.5M.AATE.01",15,"COADREAD"
"TCGA.A6.2675.01",3,"COADREAD"
"TCGA.A6.2682.01",39,"COADREAD"
"TCGA.A6.2684.01",33,"COADREAD"
"TCGA.A6.2685.01",11,"COADREAD"
"TCGA.A6.2686.01",39,"COADREAD"
"TCGA.A6.4105.01",33,"COADREAD"
"TCGA.A6.5656.01",9,"COADREAD"
"TCGA.A6.5657.01",27,"COADREAD"
"TCGA.A6.5659.01",25,"COADREAD"
"TCGA.A6.5660.01",5,"COADREAD"
"TCGA.A6.5661.01",31,"COADREAD"
"TCGA.A6.5662.01",-17,"COADREAD"
"TCGA.A6.5664.01",31,"COADREAD"
"TCGA.A6.5665.01",41,"COADREAD"
"TCGA.A6.5666.01",29,"COADREAD"
"TCGA.A6.5667.01",19,"COADREAD"
"TCGA.A6.6137.01",7,"COADREAD"
"TCGA.A6.6138.01",23,"COADREAD"
"TCGA.A6.6140.01",25,"COADREAD"
"TCGA.A6.6141.01",11,"COADREAD"
"TCGA.A6.6142.01",11,"COADREAD"
"TCGA.A6.6648.01",9,"COADREAD"
"TCGA.A6.6649.01",-3,"COADREAD"
"TCGA.A6.6650.01",23,"COADREAD"
"TCGA.A6.6651.01",-3,"COADREAD"
"TCGA.A6.6652.01",-13,"COADREAD"
"TCGA.A6.6653.01",37,"COADREAD"
"TCGA.A6.6654.01",11,"COADREAD"
"TCGA.A6.6780.01",35,"COADREAD"
"TCGA.A6.6781.01",35,"COADREAD"
"TCGA.A6.6782.01",15,"COADREAD"
"TCGA.A6.A565.01",7,"COADREAD"
"TCGA.A6.A566.01",23,"COADREAD"
"TCGA.A6.A567.01",5,"COADREAD"
"TCGA.A6.A56B.01",13,"COADREAD"
"TCGA.A6.A5ZU.01",3,"COADREAD"
"TCGA.AA.3489.01",5,"COADREAD"
"TCGA.AA.3492.01",25,"COADREAD"
"TCGA.AA.3495.01",33,"COADREAD"
"TCGA.AA.3496.01",-3,"COADREAD"
"TCGA.AA.3502.01",13,"COADREAD"
"TCGA.AA.3506.01",25,"COADREAD"
"TCGA.AA.3511.01",15,"COADREAD"
"TCGA.AA.3526.01",39,"COADREAD"
"TCGA.AA.3655.01",25,"COADREAD"
"TCGA.AA.3660.01",27,"COADREAD"
"TCGA.AA.3663.01",33,"COADREAD"
"TCGA.AA.3675.01",29,"COADREAD"
"TCGA.AA.3685.01",27,"COADREAD"
"TCGA.AA.3712.01",29,"COADREAD"
"TCGA.AA.3713.01",1,"COADREAD"
"TCGA.AA.A01P.01",25,"COADREAD"
"TCGA.AA.A01X.01",-3,"COADREAD"
"TCGA.AA.A01Z.01",29,"COADREAD"
"TCGA.AA.A02Y.01",21,"COADREAD"
"TCGA.AD.5900.01",25,"COADREAD"
"TCGA.AD.6548.01",35,"COADREAD"
"TCGA.AD.6888.01",29,"COADREAD"
"TCGA.AD.6889.01",41,"COADREAD"
"TCGA.AD.6890.01",35,"COADREAD"
"TCGA.AD.6895.01",21,"COADREAD"
"TCGA.AD.6899.01",29,"COADREAD"
"TCGA.AD.6901.01",3,"COADREAD"
"TCGA.AD.6963.01",27,"COADREAD"
"TCGA.AD.6964.01",7,"COADREAD"
"TCGA.AD.6965.01",35,"COADREAD"
"TCGA.AD.A5EJ.01",41,"COADREAD"
"TCGA.AD.A5EK.01",7,"COADREAD"
"TCGA.AF.2687.01",25,"COADREAD"
"TCGA.AF.2690.01",15,"COADREAD"
"TCGA.AF.2693.01",23,"COADREAD"
"TCGA.AF.3911.01",31,"COADREAD"
"TCGA.AF.4110.01",7,"COADREAD"
"TCGA.AF.5654.01",31,"COADREAD"
"TCGA.AF.6136.01",7,"COADREAD"
"TCGA.AF.6655.01",21,"COADREAD"
"TCGA.AF.6672.01",-3,"COADREAD"
"TCGA.AF.A56K.01",7,"COADREAD"
"TCGA.AF.A56L.01",19,"COADREAD"
"TCGA.AF.A56N.01",17,"COADREAD"
"TCGA.AG.3591.01",17,"COADREAD"
"TCGA.AG.3592.01",19,"COADREAD"
"TCGA.AG.3725.01",25,"COADREAD"
"TCGA.AG.3731.01",9,"COADREAD"
"TCGA.AG.3732.01",-13,"COADREAD"
"TCGA.AG.3742.01",15,"COADREAD"
"TCGA.AG.3902.01",19,"COADREAD"
"TCGA.AG.4021.01",35,"COADREAD"
"TCGA.AG.4022.01",7,"COADREAD"
"TCGA.AH.6544.01",29,"COADREAD"
"TCGA.AH.6547.01",-23,"COADREAD"
"TCGA.AH.6643.01",19,"COADREAD"
"TCGA.AH.6644.01",9,"COADREAD"
"TCGA.AH.6897.01",35,"COADREAD"
"TCGA.AH.6903.01",17,"COADREAD"
"TCGA.AM.5820.01",17,"COADREAD"
"TCGA.AM.5821.01",31,"COADREAD"
"TCGA.AU.3779.01",7,"COADREAD"
"TCGA.AU.6004.01",31,"COADREAD"
"TCGA.AY.5543.01",35,"COADREAD"
"TCGA.AY.6196.01",-13,"COADREAD"
"TCGA.AY.6197.01",31,"COADREAD"
"TCGA.AY.6386.01",37,"COADREAD"
"TCGA.AY.A54L.01",29,"COADREAD"
"TCGA.AY.A69D.01",15,"COADREAD"
"TCGA.AY.A71X.01",15,"COADREAD"
"TCGA.AY.A8YK.01",21,"COADREAD"
"TCGA.AZ.4313.01",35,"COADREAD"
"TCGA.AZ.4315.01",35,"COADREAD"
"TCGA.AZ.4323.01",-1,"COADREAD"
"TCGA.AZ.4614.01",13,"COADREAD"
"TCGA.AZ.4615.01",31,"COADREAD"
"TCGA.AZ.4616.01",37,"COADREAD"
"TCGA.AZ.4682.01",27,"COADREAD"
"TCGA.AZ.4684.01",29,"COADREAD"
"TCGA.AZ.5403.01",15,"COADREAD"
"TCGA.AZ.5407.01",23,"COADREAD"
"TCGA.AZ.6598.01",33,"COADREAD"
"TCGA.AZ.6599.01",-5,"COADREAD"
"TCGA.AZ.6600.01",25,"COADREAD"
"TCGA.AZ.6603.01",9,"COADREAD"
"TCGA.AZ.6605.01",3,"COADREAD"
"TCGA.AZ.6606.01",17,"COADREAD"
"TCGA.AZ.6607.01",19,"COADREAD"
"TCGA.CA.5254.01",25,"COADREAD"
"TCGA.CA.5255.01",33,"COADREAD"
"TCGA.CA.5256.01",27,"COADREAD"
"TCGA.CA.5796.01",-3,"COADREAD"
"TCGA.CA.5797.01",23,"COADREAD"
"TCGA.CA.6715.01",29,"COADREAD"
"TCGA.CA.6716.01",5,"COADREAD"
"TCGA.CA.6717.01",27,"COADREAD"
"TCGA.CA.6718.01",19,"COADREAD"
"TCGA.CA.6719.01",21,"COADREAD"
"TCGA.CI.6619.01",21,"COADREAD"
"TCGA.CI.6620.01",15,"COADREAD"
"TCGA.CI.6621.01",15,"COADREAD"
"TCGA.CI.6622.01",23,"COADREAD"
"TCGA.CI.6623.01",15,"COADREAD"
"TCGA.CI.6624.01",9,"COADREAD"
"TCGA.CK.4947.01",9,"COADREAD"
"TCGA.CK.4948.01",27,"COADREAD"
"TCGA.CK.4950.01",29,"COADREAD"
"TCGA.CK.4951.01",19,"COADREAD"
"TCGA.CK.4952.01",31,"COADREAD"
"TCGA.CK.5912.01",-3,"COADREAD"
"TCGA.CK.5913.01",33,"COADREAD"
"TCGA.CK.5914.01",25,"COADREAD"
"TCGA.CK.5915.01",13,"COADREAD"
"TCGA.CK.5916.01",21,"COADREAD"
"TCGA.CK.6746.01",13,"COADREAD"
"TCGA.CK.6747.01",25,"COADREAD"
"TCGA.CK.6748.01",15,"COADREAD"
"TCGA.CK.6751.01",33,"COADREAD"
"TCGA.CL.4957.01",23,"COADREAD"
"TCGA.CL.5917.01",15,"COADREAD"
"TCGA.CL.5918.01",19,"COADREAD"
"TCGA.CM.4743.01",35,"COADREAD"
"TCGA.CM.4744.01",35,"COADREAD"
"TCGA.CM.4747.01",23,"COADREAD"
"TCGA.CM.4751.01",35,"COADREAD"
"TCGA.CM.5344.01",13,"COADREAD"
"TCGA.CM.5348.01",-5,"COADREAD"
"TCGA.CM.5349.01",15,"COADREAD"
"TCGA.CM.5860.01",25,"COADREAD"
"TCGA.CM.5861.01",27,"COADREAD"
"TCGA.CM.5862.01",5,"COADREAD"
"TCGA.CM.5863.01",11,"COADREAD"
"TCGA.CM.5864.01",11,"COADREAD"
"TCGA.CM.5868.01",19,"COADREAD"
"TCGA.CM.6161.01",-5,"COADREAD"
"TCGA.CM.6162.01",3,"COADREAD"
"TCGA.CM.6163.01",1,"COADREAD"
"TCGA.CM.6164.01",7,"COADREAD"
"TCGA.CM.6165.01",3,"COADREAD"
"TCGA.CM.6166.01",17,"COADREAD"
"TCGA.CM.6167.01",-9,"COADREAD"
"TCGA.CM.6168.01",21,"COADREAD"
"TCGA.CM.6169.01",-3,"COADREAD"
"TCGA.CM.6170.01",1,"COADREAD"
"TCGA.CM.6171.01",9,"COADREAD"
"TCGA.CM.6172.01",-3,"COADREAD"
"TCGA.CM.6674.01",27,"COADREAD"
"TCGA.CM.6675.01",23,"COADREAD"
"TCGA.CM.6676.01",21,"COADREAD"
"TCGA.CM.6677.01",19,"COADREAD"
"TCGA.CM.6678.01",25,"COADREAD"
"TCGA.CM.6679.01",-7,"COADREAD"
"TCGA.CM.6680.01",-1,"COADREAD"
"TCGA.D5.5537.01",13,"COADREAD"
"TCGA.D5.5538.01",33,"COADREAD"
"TCGA.D5.5539.01",13,"COADREAD"
"TCGA.D5.5540.01",25,"COADREAD"
"TCGA.D5.5541.01",23,"COADREAD"
"TCGA.D5.6529.01",25,"COADREAD"
"TCGA.D5.6530.01",-7,"COADREAD"
"TCGA.D5.6531.01",35,"COADREAD"
"TCGA.D5.6532.01",23,"COADREAD"
"TCGA.D5.6533.01",7,"COADREAD"
"TCGA.D5.6534.01",-19,"COADREAD"
"TCGA.D5.6535.01",19,"COADREAD"
"TCGA.D5.6536.01",17,"COADREAD"
"TCGA.D5.6537.01",35,"COADREAD"
"TCGA.D5.6538.01",13,"COADREAD"
"TCGA.D5.6539.01",19,"COADREAD"
"TCGA.D5.6540.01",39,"COADREAD"
"TCGA.D5.6541.01",11,"COADREAD"
"TCGA.D5.6898.01",19,"COADREAD"
"TCGA.D5.6920.01",19,"COADREAD"
"TCGA.D5.6922.01",3,"COADREAD"
"TCGA.D5.6923.01",29,"COADREAD"
"TCGA.D5.6924.01",11,"COADREAD"
"TCGA.D5.6926.01",15,"COADREAD"
"TCGA.D5.6927.01",31,"COADREAD"
"TCGA.D5.6928.01",-9,"COADREAD"
"TCGA.D5.6929.01",27,"COADREAD"
"TCGA.D5.6930.01",31,"COADREAD"
"TCGA.D5.6931.01",27,"COADREAD"
"TCGA.D5.6932.01",33,"COADREAD"
"TCGA.D5.7000.01",37,"COADREAD"
"TCGA.DC.4745.01",29,"COADREAD"
"TCGA.DC.4749.01",27,"COADREAD"
"TCGA.DC.5337.01",27,"COADREAD"
"TCGA.DC.5869.01",21,"COADREAD"
"TCGA.DC.6154.01",13,"COADREAD"
"TCGA.DC.6155.01",13,"COADREAD"
"TCGA.DC.6156.01",1,"COADREAD"
"TCGA.DC.6157.01",7,"COADREAD"
"TCGA.DC.6158.01",11,"COADREAD"
"TCGA.DC.6160.01",9,"COADREAD"
"TCGA.DC.6681.01",17,"COADREAD"
"TCGA.DC.6682.01",25,"COADREAD"
"TCGA.DC.6683.01",19,"COADREAD"
"TCGA.DM.A0X9.01",13,"COADREAD"
"TCGA.DM.A0XD.01",35,"COADREAD"
"TCGA.DM.A0XF.01",25,"COADREAD"
"TCGA.DM.A1D0.01",25,"COADREAD"
"TCGA.DM.A1D4.01",23,"COADREAD"
"TCGA.DM.A1D6.01",9,"COADREAD"
"TCGA.DM.A1D7.01",23,"COADREAD"
"TCGA.DM.A1D8.01",3,"COADREAD"
"TCGA.DM.A1D9.01",17,"COADREAD"
"TCGA.DM.A1DA.01",31,"COADREAD"
"TCGA.DM.A1DB.01",15,"COADREAD"
"TCGA.DM.A1HA.01",19,"COADREAD"
"TCGA.DM.A1HB.01",41,"COADREAD"
"TCGA.DM.A280.01",35,"COADREAD"
"TCGA.DM.A282.01",11,"COADREAD"
"TCGA.DM.A285.01",19,"COADREAD"
"TCGA.DM.A288.01",31,"COADREAD"
"TCGA.DM.A28A.01",27,"COADREAD"
"TCGA.DM.A28C.01",-11,"COADREAD"
"TCGA.DM.A28E.01",1,"COADREAD"
"TCGA.DM.A28F.01",23,"COADREAD"
"TCGA.DM.A28G.01",5,"COADREAD"
"TCGA.DM.A28H.01",19,"COADREAD"
"TCGA.DM.A28K.01",21,"COADREAD"
"TCGA.DM.A28M.01",35,"COADREAD"
"TCGA.DT.5265.01",35,"COADREAD"
"TCGA.DY.A0XA.01",19,"COADREAD"
"TCGA.DY.A1DC.01",33,"COADREAD"
"TCGA.DY.A1DD.01",1,"COADREAD"
"TCGA.DY.A1DE.01",13,"COADREAD"
"TCGA.DY.A1DF.01",-3,"COADREAD"
"TCGA.DY.A1DG.01",3,"COADREAD"
"TCGA.DY.A1H8.01",31,"COADREAD"
"TCGA.EF.5830.01",23,"COADREAD"
"TCGA.EF.5831.01",17,"COADREAD"
"TCGA.EI.6506.01",5,"COADREAD"
"TCGA.EI.6507.01",21,"COADREAD"
"TCGA.EI.6508.01",29,"COADREAD"
"TCGA.EI.6509.01",31,"COADREAD"
"TCGA.EI.6510.01",9,"COADREAD"
"TCGA.EI.6511.01",25,"COADREAD"
"TCGA.EI.6512.01",37,"COADREAD"
"TCGA.EI.6513.01",23,"COADREAD"
"TCGA.EI.6514.01",-9,"COADREAD"
"TCGA.EI.6881.01",17,"COADREAD"
"TCGA.EI.6882.01",7,"COADREAD"
"TCGA.EI.6883.01",15,"COADREAD"
"TCGA.EI.6884.01",7,"COADREAD"
"TCGA.EI.6885.01",19,"COADREAD"
"TCGA.EI.6917.01",29,"COADREAD"
"TCGA.EI.7002.01",11,"COADREAD"
"TCGA.EI.7004.01",9,"COADREAD"
"TCGA.F4.6459.01",25,"COADREAD"
"TCGA.F4.6460.01",13,"COADREAD"
"TCGA.F4.6461.01",3,"COADREAD"
"TCGA.F4.6463.01",13,"COADREAD"
"TCGA.F4.6569.01",11,"COADREAD"
"TCGA.F4.6570.01",5,"COADREAD"
"TCGA.F4.6703.01",23,"COADREAD"
"TCGA.F4.6704.01",19,"COADREAD"
"TCGA.F4.6805.01",29,"COADREAD"
"TCGA.F4.6806.01",1,"COADREAD"
"TCGA.F4.6807.01",9,"COADREAD"
"TCGA.F4.6808.01",25,"COADREAD"
"TCGA.F4.6809.01",21,"COADREAD"
"TCGA.F4.6854.01",23,"COADREAD"
"TCGA.F4.6855.01",-5,"COADREAD"
"TCGA.F4.6856.01",25,"COADREAD"
"TCGA.F5.6464.01",7,"COADREAD"
"TCGA.F5.6465.01",-3,"COADREAD"
"TCGA.F5.6571.01",-23,"COADREAD"
"TCGA.F5.6702.01",17,"COADREAD"
"TCGA.F5.6810.01",33,"COADREAD"
"TCGA.F5.6811.01",-3,"COADREAD"
"TCGA.F5.6812.01",-3,"COADREAD"
"TCGA.F5.6813.01",23,"COADREAD"
"TCGA.F5.6814.01",37,"COADREAD"
"TCGA.F5.6861.01",23,"COADREAD"
"TCGA.F5.6863.01",19,"COADREAD"
"TCGA.F5.6864.01",-1,"COADREAD"
"TCGA.G4.6293.01",9,"COADREAD"
"TCGA.G4.6294.01",3,"COADREAD"
"TCGA.G4.6295.01",17,"COADREAD"
"TCGA.G4.6297.01",15,"COADREAD"
"TCGA.G4.6298.01",21,"COADREAD"
"TCGA.G4.6299.01",17,"COADREAD"
"TCGA.G4.6302.01",3,"COADREAD"
"TCGA.G4.6303.01",7,"COADREAD"
"TCGA.G4.6304.01",21,"COADREAD"
"TCGA.G4.6306.01",29,"COADREAD"
"TCGA.G4.6307.01",23,"COADREAD"
"TCGA.G4.6309.01",33,"COADREAD"
"TCGA.G4.6311.01",17,"COADREAD"
"TCGA.G4.6315.01",25,"COADREAD"
"TCGA.G4.6317.01",19,"COADREAD"
"TCGA.G4.6320.01",13,"COADREAD"
"TCGA.G4.6321.01",-9,"COADREAD"
"TCGA.G4.6322.01",29,"COADREAD"
"TCGA.G4.6323.01",-11,"COADREAD"
"TCGA.G4.6586.01",37,"COADREAD"
"TCGA.G4.6588.01",25,"COADREAD"
"TCGA.G4.6626.01",21,"COADREAD"
"TCGA.G4.6627.01",25,"COADREAD"
"TCGA.G4.6628.01",19,"COADREAD"
"TCGA.G5.6641.01",-11,"COADREAD"
"TCGA.NH.A50T.01",33,"COADREAD"
"TCGA.NH.A50U.01",19,"COADREAD"
"TCGA.NH.A50V.01",3,"COADREAD"
"TCGA.NH.A5IV.01",-3,"COADREAD"
"TCGA.NH.A6GA.01",-1,"COADREAD"
"TCGA.NH.A6GB.01",35,"COADREAD"
"TCGA.NH.A6GC.01",-11,"COADREAD"
"TCGA.NH.A8F7.01",11,"COADREAD"
"TCGA.NH.A8F8.01",19,"COADREAD"
"TCGA.QG.A5YV.01",29,"COADREAD"
"TCGA.QG.A5YW.01",27,"COADREAD"
"TCGA.QG.A5YX.01",17,"COADREAD"
"TCGA.QG.A5Z1.01",5,"COADREAD"
"TCGA.QG.A5Z2.01",7,"COADREAD"
"TCGA.QL.A97D.01",15,"COADREAD"
"TCGA.RU.A8FL.01",13,"COADREAD"
"TCGA.SS.A7HO.01",7,"COADREAD"
"TCGA.T9.A92H.01",41,"COADREAD"
"TCGA.WS.AB45.01",-3,"COADREAD"
"TCGA.02.0047.01",-3,"GBM"
"TCGA.02.0055.01",39,"GBM"
"TCGA.02.2483.01",25,"GBM"
"TCGA.02.2485.01",-5,"GBM"
"TCGA.02.2486.01",25,"GBM"
"TCGA.06.0125.01",1,"GBM"
"TCGA.06.0129.01",-17,"GBM"
"TCGA.06.0130.01",15,"GBM"
"TCGA.06.0132.01",5,"GBM"
"TCGA.06.0138.01",23,"GBM"
"TCGA.06.0141.01",17,"GBM"
"TCGA.06.0157.01",-11,"GBM"
"TCGA.06.0158.01",-11,"GBM"
"TCGA.06.0168.01",7,"GBM"
"TCGA.06.0174.01",25,"GBM"
"TCGA.06.0178.01",11,"GBM"
"TCGA.06.0184.01",17,"GBM"
"TCGA.06.0187.01",13,"GBM"
"TCGA.06.0190.01",35,"GBM"
"TCGA.06.0210.01",27,"GBM"
"TCGA.06.0211.01",-7,"GBM"
"TCGA.06.0219.01",31,"GBM"
"TCGA.06.0238.01",13,"GBM"
"TCGA.06.0644.01",43,"GBM"
"TCGA.06.0645.01",23,"GBM"
"TCGA.06.0646.01",7,"GBM"
"TCGA.06.0649.01",-17,"GBM"
"TCGA.06.0686.01",29,"GBM"
"TCGA.06.0743.01",-7,"GBM"
"TCGA.06.0744.01",-3,"GBM"
"TCGA.06.0745.01",27,"GBM"
"TCGA.06.0747.01",-17,"GBM"
"TCGA.06.0749.01",3,"GBM"
"TCGA.06.0750.01",13,"GBM"
"TCGA.06.0878.01",13,"GBM"
"TCGA.06.0882.01",-17,"GBM"
"TCGA.06.1804.01",-29,"GBM"
"TCGA.06.2557.01",-13,"GBM"
"TCGA.06.2558.01",11,"GBM"
"TCGA.06.2559.01",25,"GBM"
"TCGA.06.2561.01",-13,"GBM"
"TCGA.06.2562.01",7,"GBM"
"TCGA.06.2563.01",-1,"GBM"
"TCGA.06.2564.01",-9,"GBM"
"TCGA.06.2565.01",-21,"GBM"
"TCGA.06.2567.01",5,"GBM"
"TCGA.06.2569.01",-13,"GBM"
"TCGA.06.2570.01",-7,"GBM"
"TCGA.06.5408.01",11,"GBM"
"TCGA.06.5410.01",21,"GBM"
"TCGA.06.5411.01",7,"GBM"
"TCGA.06.5412.01",29,"GBM"
"TCGA.06.5413.01",13,"GBM"
"TCGA.06.5414.01",1,"GBM"
"TCGA.06.5415.01",-3,"GBM"
"TCGA.06.5416.01",37,"GBM"
"TCGA.06.5417.01",-9,"GBM"
"TCGA.06.5418.01",31,"GBM"
"TCGA.06.5856.01",27,"GBM"
"TCGA.06.5858.01",15,"GBM"
"TCGA.06.5859.01",-13,"GBM"
"TCGA.08.0386.01",13,"GBM"
"TCGA.12.0616.01",15,"GBM"
"TCGA.12.0618.01",27,"GBM"
"TCGA.12.0619.01",23,"GBM"
"TCGA.12.0821.01",21,"GBM"
"TCGA.12.1597.01",31,"GBM"
"TCGA.12.3650.01",21,"GBM"
"TCGA.12.3652.01",31,"GBM"
"TCGA.12.3653.01",-9,"GBM"
"TCGA.12.5295.01",15,"GBM"
"TCGA.12.5299.01",31,"GBM"
"TCGA.14.0781.01",21,"GBM"
"TCGA.14.0787.01",1,"GBM"
"TCGA.14.0789.01",3,"GBM"
"TCGA.14.0790.01",-17,"GBM"
"TCGA.14.0817.01",25,"GBM"
"TCGA.14.1034.01",9,"GBM"
"TCGA.14.1823.01",21,"GBM"
"TCGA.14.1825.01",13,"GBM"
"TCGA.14.1829.01",23,"GBM"
"TCGA.14.2554.01",17,"GBM"
"TCGA.15.0742.01",13,"GBM"
"TCGA.15.1444.01",-25,"GBM"
"TCGA.16.0846.01",-15,"GBM"
"TCGA.16.1045.01",5,"GBM"
"TCGA.19.1390.01",21,"GBM"
"TCGA.19.1787.01",15,"GBM"
"TCGA.19.2619.01",3,"GBM"
"TCGA.19.2620.01",-9,"GBM"
"TCGA.19.2624.01",5,"GBM"
"TCGA.19.2625.01",27,"GBM"
"TCGA.19.2629.01",-23,"GBM"
"TCGA.19.4065.01",39,"GBM"
"TCGA.19.5960.01",-21,"GBM"
"TCGA.26.1442.01",-21,"GBM"
"TCGA.26.5132.01",29,"GBM"
"TCGA.26.5133.01",-3,"GBM"
"TCGA.26.5134.01",-5,"GBM"
"TCGA.26.5135.01",19,"GBM"
"TCGA.26.5136.01",-3,"GBM"
"TCGA.26.5139.01",9,"GBM"
"TCGA.27.1830.01",5,"GBM"
"TCGA.27.1831.01",19,"GBM"
"TCGA.27.1832.01",33,"GBM"
"TCGA.27.1834.01",-31,"GBM"
"TCGA.27.1835.01",-17,"GBM"
"TCGA.27.1837.01",-11,"GBM"
"TCGA.27.2519.01",13,"GBM"
"TCGA.27.2521.01",13,"GBM"
"TCGA.27.2523.01",11,"GBM"
"TCGA.27.2524.01",35,"GBM"
"TCGA.27.2526.01",13,"GBM"
"TCGA.27.2528.01",13,"GBM"
"TCGA.28.1747.01",-17,"GBM"
"TCGA.28.1753.01",-7,"GBM"
"TCGA.28.2499.01",13,"GBM"
"TCGA.28.2509.01",37,"GBM"
"TCGA.28.2510.01",-7,"GBM"
"TCGA.28.2513.01",7,"GBM"
"TCGA.28.2514.01",11,"GBM"
"TCGA.28.5204.01",3,"GBM"
"TCGA.28.5207.01",-21,"GBM"
"TCGA.28.5208.01",-5,"GBM"
"TCGA.28.5209.01",17,"GBM"
"TCGA.28.5213.01",19,"GBM"
"TCGA.28.5215.01",-3,"GBM"
"TCGA.28.5216.01",27,"GBM"
"TCGA.28.5218.01",9,"GBM"
"TCGA.28.5220.01",-1,"GBM"
"TCGA.32.1970.01",-15,"GBM"
"TCGA.32.1980.01",3,"GBM"
"TCGA.32.1982.01",17,"GBM"
"TCGA.32.2615.01",17,"GBM"
"TCGA.32.2616.01",33,"GBM"
"TCGA.32.2632.01",-1,"GBM"
"TCGA.32.2634.01",5,"GBM"
"TCGA.32.2638.01",-11,"GBM"
"TCGA.32.4213.01",21,"GBM"
"TCGA.32.5222.01",25,"GBM"
"TCGA.41.2571.01",19,"GBM"
"TCGA.41.2572.01",17,"GBM"
"TCGA.41.3915.01",19,"GBM"
"TCGA.41.4097.01",9,"GBM"
"TCGA.41.5651.01",21,"GBM"
"TCGA.76.4925.01",29,"GBM"
"TCGA.76.4926.01",1,"GBM"
"TCGA.76.4927.01",3,"GBM"
"TCGA.76.4928.01",33,"GBM"
"TCGA.76.4929.01",3,"GBM"
"TCGA.76.4931.01",11,"GBM"
"TCGA.76.4932.01",23,"GBM"
"TCGA.4P.AA8J.01",37,"HNSC"
"TCGA.BA.4074.01",45,"HNSC"
"TCGA.BA.4076.01",45,"HNSC"
"TCGA.BA.4078.01",1,"HNSC"
"TCGA.BA.5149.01",43,"HNSC"
"TCGA.BA.5151.01",13,"HNSC"
"TCGA.BA.5152.01",31,"HNSC"
"TCGA.BA.5153.01",-11,"HNSC"
"TCGA.BA.5555.01",35,"HNSC"
"TCGA.BA.5556.01",21,"HNSC"
"TCGA.BA.5557.01",37,"HNSC"
"TCGA.BA.5558.01",33,"HNSC"
"TCGA.BA.5559.01",3,"HNSC"
"TCGA.BA.6868.01",41,"HNSC"
"TCGA.BA.6869.01",33,"HNSC"
"TCGA.BA.6870.01",37,"HNSC"
"TCGA.BA.6871.01",35,"HNSC"
"TCGA.BA.6872.01",43,"HNSC"
"TCGA.BA.6873.01",37,"HNSC"
"TCGA.BA.7269.01",25,"HNSC"
"TCGA.BA.A4IF.01",43,"HNSC"
"TCGA.BA.A4IG.01",33,"HNSC"
"TCGA.BA.A4IH.01",19,"HNSC"
"TCGA.BA.A4II.01",39,"HNSC"
"TCGA.BA.A6D8.01",29,"HNSC"
"TCGA.BA.A6DA.01",41,"HNSC"
"TCGA.BA.A6DB.01",19,"HNSC"
"TCGA.BA.A6DD.01",43,"HNSC"
"TCGA.BA.A6DE.01",29,"HNSC"
"TCGA.BA.A6DG.01",37,"HNSC"
"TCGA.BA.A6DI.01",35,"HNSC"
"TCGA.BA.A6DJ.01",43,"HNSC"
"TCGA.BA.A6DL.01",33,"HNSC"
"TCGA.BA.A8YP.01",33,"HNSC"
"TCGA.BB.4217.01",35,"HNSC"
"TCGA.BB.4223.01",13,"HNSC"
"TCGA.BB.4224.01",33,"HNSC"
"TCGA.BB.4225.01",7,"HNSC"
"TCGA.BB.4227.01",49,"HNSC"
"TCGA.BB.4228.01",33,"HNSC"
"TCGA.BB.7861.01",19,"HNSC"
"TCGA.BB.7862.01",41,"HNSC"
"TCGA.BB.7863.01",39,"HNSC"
"TCGA.BB.7864.01",39,"HNSC"
"TCGA.BB.7866.01",23,"HNSC"
"TCGA.BB.7870.01",47,"HNSC"
"TCGA.BB.7871.01",31,"HNSC"
"TCGA.BB.7872.01",15,"HNSC"
"TCGA.BB.8596.01",7,"HNSC"
"TCGA.BB.8601.01",41,"HNSC"
"TCGA.BB.A5HU.01",49,"HNSC"
"TCGA.BB.A5HY.01",45,"HNSC"
"TCGA.BB.A5HZ.01",29,"HNSC"
"TCGA.BB.A6UM.01",27,"HNSC"
"TCGA.BB.A6UO.01",45,"HNSC"
"TCGA.C9.A47Z.01",39,"HNSC"
"TCGA.C9.A480.01",21,"HNSC"
"TCGA.CN.4722.01",31,"HNSC"
"TCGA.CN.4723.01",41,"HNSC"
"TCGA.CN.4725.01",39,"HNSC"
"TCGA.CN.4726.01",39,"HNSC"
"TCGA.CN.4727.01",37,"HNSC"
"TCGA.CN.4728.01",25,"HNSC"
"TCGA.CN.4729.01",41,"HNSC"
"TCGA.CN.4730.01",37,"HNSC"
"TCGA.CN.4731.01",43,"HNSC"
"TCGA.CN.4733.01",15,"HNSC"
"TCGA.CN.4734.01",41,"HNSC"
"TCGA.CN.4735.01",23,"HNSC"
"TCGA.CN.4736.01",23,"HNSC"
"TCGA.CN.4737.01",9,"HNSC"
"TCGA.CN.4738.01",31,"HNSC"
"TCGA.CN.4739.01",11,"HNSC"
"TCGA.CN.4740.01",25,"HNSC"
"TCGA.CN.4741.01",13,"HNSC"
"TCGA.CN.4742.01",13,"HNSC"
"TCGA.CN.5355.01",23,"HNSC"
"TCGA.CN.5356.01",23,"HNSC"
"TCGA.CN.5358.01",-5,"HNSC"
"TCGA.CN.5359.01",19,"HNSC"
"TCGA.CN.5360.01",-7,"HNSC"
"TCGA.CN.5361.01",21,"HNSC"
"TCGA.CN.5363.01",43,"HNSC"
"TCGA.CN.5364.01",35,"HNSC"
"TCGA.CN.5365.01",43,"HNSC"
"TCGA.CN.5366.01",35,"HNSC"
"TCGA.CN.5367.01",33,"HNSC"
"TCGA.CN.5369.01",35,"HNSC"
"TCGA.CN.5370.01",39,"HNSC"
"TCGA.CN.5373.01",19,"HNSC"
"TCGA.CN.5374.01",15,"HNSC"
"TCGA.CN.6010.01",29,"HNSC"
"TCGA.CN.6011.01",35,"HNSC"
"TCGA.CN.6012.01",23,"HNSC"
"TCGA.CN.6013.01",19,"HNSC"
"TCGA.CN.6016.01",9,"HNSC"
"TCGA.CN.6017.01",11,"HNSC"
"TCGA.CN.6018.01",37,"HNSC"
"TCGA.CN.6019.01",-11,"HNSC"
"TCGA.CN.6020.01",31,"HNSC"
"TCGA.CN.6021.01",11,"HNSC"
"TCGA.CN.6022.01",43,"HNSC"
"TCGA.CN.6023.01",17,"HNSC"
"TCGA.CN.6024.01",37,"HNSC"
"TCGA.CN.6988.01",15,"HNSC"
"TCGA.CN.6989.01",33,"HNSC"
"TCGA.CN.6992.01",37,"HNSC"
"TCGA.CN.6994.01",27,"HNSC"
"TCGA.CN.6995.01",45,"HNSC"
"TCGA.CN.6996.01",27,"HNSC"
"TCGA.CN.6997.01",31,"HNSC"
"TCGA.CN.6998.01",37,"HNSC"
"TCGA.CN.A497.01",17,"HNSC"
"TCGA.CN.A498.01",41,"HNSC"
"TCGA.CN.A499.01",35,"HNSC"
"TCGA.CN.A49A.01",37,"HNSC"
"TCGA.CN.A49B.01",41,"HNSC"
"TCGA.CN.A49C.01",35,"HNSC"
"TCGA.CN.A63T.01",45,"HNSC"
"TCGA.CN.A63U.01",25,"HNSC"
"TCGA.CN.A63V.01",51,"HNSC"
"TCGA.CN.A63W.01",45,"HNSC"
"TCGA.CN.A641.01",33,"HNSC"
"TCGA.CN.A642.01",51,"HNSC"
"TCGA.CN.A6UY.01",21,"HNSC"
"TCGA.CN.A6V1.01",23,"HNSC"
"TCGA.CN.A6V3.01",43,"HNSC"
"TCGA.CN.A6V6.01",17,"HNSC"
"TCGA.CN.A6V7.01",31,"HNSC"
"TCGA.CQ.5323.01",21,"HNSC"
"TCGA.CQ.5324.01",27,"HNSC"
"TCGA.CQ.5325.01",31,"HNSC"
"TCGA.CQ.5326.01",35,"HNSC"
"TCGA.CQ.5327.01",33,"HNSC"
"TCGA.CQ.5329.01",33,"HNSC"
"TCGA.CQ.5330.01",27,"HNSC"
"TCGA.CQ.5331.01",21,"HNSC"
"TCGA.CQ.5332.01",39,"HNSC"
"TCGA.CQ.5333.01",31,"HNSC"
"TCGA.CQ.5334.01",15,"HNSC"
"TCGA.CQ.6218.01",35,"HNSC"
"TCGA.CQ.6219.01",31,"HNSC"
"TCGA.CQ.6220.01",39,"HNSC"
"TCGA.CQ.6222.01",23,"HNSC"
"TCGA.CQ.6223.01",17,"HNSC"
"TCGA.CQ.6224.01",35,"HNSC"
"TCGA.CQ.6225.01",39,"HNSC"
"TCGA.CQ.6227.01",27,"HNSC"
"TCGA.CQ.6228.01",39,"HNSC"
"TCGA.CQ.6229.01",27,"HNSC"
"TCGA.CQ.7063.01",21,"HNSC"
"TCGA.CQ.7065.01",23,"HNSC"
"TCGA.CQ.7067.01",23,"HNSC"
"TCGA.CQ.7068.01",33,"HNSC"
"TCGA.CQ.7069.01",11,"HNSC"
"TCGA.CQ.7071.01",37,"HNSC"
"TCGA.CQ.7072.01",21,"HNSC"
"TCGA.CQ.A4C6.01",37,"HNSC"
"TCGA.CQ.A4C9.01",23,"HNSC"
"TCGA.CQ.A4CA.01",31,"HNSC"
"TCGA.CQ.A4CB.01",33,"HNSC"
"TCGA.CQ.A4CD.01",41,"HNSC"
"TCGA.CQ.A4CE.01",27,"HNSC"
"TCGA.CQ.A4CG.01",45,"HNSC"
"TCGA.CQ.A4CH.01",23,"HNSC"
"TCGA.CQ.A4CI.01",37,"HNSC"
"TCGA.CR.5243.01",21,"HNSC"
"TCGA.CR.5247.01",41,"HNSC"
"TCGA.CR.5248.01",15,"HNSC"
"TCGA.CR.5249.01",25,"HNSC"
"TCGA.CR.5250.01",-15,"HNSC"
"TCGA.CR.6467.01",19,"HNSC"
"TCGA.CR.6470.01",21,"HNSC"
"TCGA.CR.6471.01",11,"HNSC"
"TCGA.CR.6472.01",21,"HNSC"
"TCGA.CR.6473.01",37,"HNSC"
"TCGA.CR.6474.01",31,"HNSC"
"TCGA.CR.6477.01",37,"HNSC"
"TCGA.CR.6478.01",43,"HNSC"
"TCGA.CR.6480.01",5,"HNSC"
"TCGA.CR.6481.01",23,"HNSC"
"TCGA.CR.6482.01",7,"HNSC"
"TCGA.CR.6484.01",21,"HNSC"
"TCGA.CR.6487.01",9,"HNSC"
"TCGA.CR.6488.01",17,"HNSC"
"TCGA.CR.6491.01",35,"HNSC"
"TCGA.CR.6492.01",35,"HNSC"
"TCGA.CR.6493.01",43,"HNSC"
"TCGA.CR.7364.01",25,"HNSC"
"TCGA.CR.7365.01",33,"HNSC"
"TCGA.CR.7367.01",37,"HNSC"
"TCGA.CR.7368.01",13,"HNSC"
"TCGA.CR.7369.01",15,"HNSC"
"TCGA.CR.7370.01",13,"HNSC"
"TCGA.CR.7371.01",27,"HNSC"
"TCGA.CR.7372.01",17,"HNSC"
"TCGA.CR.7373.01",35,"HNSC"
"TCGA.CR.7374.01",1,"HNSC"
"TCGA.CR.7376.01",5,"HNSC"
"TCGA.CR.7377.01",23,"HNSC"
"TCGA.CR.7379.01",41,"HNSC"
"TCGA.CR.7380.01",29,"HNSC"
"TCGA.CR.7382.01",3,"HNSC"
"TCGA.CR.7383.01",29,"HNSC"
"TCGA.CR.7385.01",11,"HNSC"
"TCGA.CR.7386.01",27,"HNSC"
"TCGA.CR.7388.01",27,"HNSC"
"TCGA.CR.7389.01",9,"HNSC"
"TCGA.CR.7390.01",37,"HNSC"
"TCGA.CR.7391.01",13,"HNSC"
"TCGA.CR.7392.01",9,"HNSC"
"TCGA.CR.7393.01",-5,"HNSC"
"TCGA.CR.7394.01",9,"HNSC"
"TCGA.CR.7395.01",29,"HNSC"
"TCGA.CR.7397.01",29,"HNSC"
"TCGA.CR.7398.01",15,"HNSC"
"TCGA.CR.7399.01",31,"HNSC"
"TCGA.CR.7401.01",25,"HNSC"
"TCGA.CR.7402.01",21,"HNSC"
"TCGA.CR.7404.01",29,"HNSC"
"TCGA.CV.5430.01",3,"HNSC"
"TCGA.CV.5431.01",39,"HNSC"
"TCGA.CV.5432.01",39,"HNSC"
"TCGA.CV.5434.01",21,"HNSC"
"TCGA.CV.5435.01",27,"HNSC"
"TCGA.CV.5436.01",41,"HNSC"
"TCGA.CV.5439.01",37,"HNSC"
"TCGA.CV.5440.01",33,"HNSC"
"TCGA.CV.5441.01",45,"HNSC"
"TCGA.CV.5442.01",25,"HNSC"
"TCGA.CV.5443.01",15,"HNSC"
"TCGA.CV.5444.01",25,"HNSC"
"TCGA.CV.5966.01",33,"HNSC"
"TCGA.CV.5970.01",13,"HNSC"
"TCGA.CV.5971.01",5,"HNSC"
"TCGA.CV.5973.01",23,"HNSC"
"TCGA.CV.5976.01",39,"HNSC"
"TCGA.CV.5977.01",37,"HNSC"
"TCGA.CV.5978.01",13,"HNSC"
"TCGA.CV.5979.01",37,"HNSC"
"TCGA.CV.6003.01",45,"HNSC"
"TCGA.CV.6433.01",25,"HNSC"
"TCGA.CV.6436.01",39,"HNSC"
"TCGA.CV.6441.01",27,"HNSC"
"TCGA.CV.6933.01",41,"HNSC"
"TCGA.CV.6934.01",31,"HNSC"
"TCGA.CV.6935.01",27,"HNSC"
"TCGA.CV.6936.01",39,"HNSC"
"TCGA.CV.6937.01",19,"HNSC"
"TCGA.CV.6938.01",29,"HNSC"
"TCGA.CV.6939.01",3,"HNSC"
"TCGA.CV.6940.01",37,"HNSC"
"TCGA.CV.6941.01",33,"HNSC"
"TCGA.CV.6942.01",35,"HNSC"
"TCGA.CV.6943.01",13,"HNSC"
"TCGA.CV.6945.01",49,"HNSC"
"TCGA.CV.6948.01",33,"HNSC"
"TCGA.CV.6950.01",37,"HNSC"
"TCGA.CV.6951.01",27,"HNSC"
"TCGA.CV.6952.01",37,"HNSC"
"TCGA.CV.6953.01",33,"HNSC"
"TCGA.CV.6954.01",25,"HNSC"
"TCGA.CV.6955.01",17,"HNSC"
"TCGA.CV.6956.01",37,"HNSC"
"TCGA.CV.6959.01",43,"HNSC"
"TCGA.CV.6960.01",33,"HNSC"
"TCGA.CV.6961.01",41,"HNSC"
"TCGA.CV.6962.01",43,"HNSC"
"TCGA.CV.7089.01",39,"HNSC"
"TCGA.CV.7090.01",25,"HNSC"
"TCGA.CV.7091.01",41,"HNSC"
"TCGA.CV.7095.01",49,"HNSC"
"TCGA.CV.7097.01",41,"HNSC"
"TCGA.CV.7099.01",39,"HNSC"
"TCGA.CV.7100.01",35,"HNSC"
"TCGA.CV.7101.01",17,"HNSC"
"TCGA.CV.7102.01",41,"HNSC"
"TCGA.CV.7103.01",21,"HNSC"
"TCGA.CV.7104.01",27,"HNSC"
"TCGA.CV.7177.01",17,"HNSC"
"TCGA.CV.7178.01",27,"HNSC"
"TCGA.CV.7180.01",35,"HNSC"
"TCGA.CV.7183.01",29,"HNSC"
"TCGA.CV.7235.01",33,"HNSC"
"TCGA.CV.7236.01",27,"HNSC"
"TCGA.CV.7238.01",35,"HNSC"
"TCGA.CV.7242.01",29,"HNSC"
"TCGA.CV.7243.01",27,"HNSC"
"TCGA.CV.7245.01",43,"HNSC"
"TCGA.CV.7247.01",35,"HNSC"
"TCGA.CV.7248.01",29,"HNSC"
"TCGA.CV.7250.01",29,"HNSC"
"TCGA.CV.7252.01",43,"HNSC"
"TCGA.CV.7253.01",33,"HNSC"
"TCGA.CV.7254.01",19,"HNSC"
"TCGA.CV.7255.01",39,"HNSC"
"TCGA.CV.7261.01",29,"HNSC"
"TCGA.CV.7263.01",21,"HNSC"
"TCGA.CV.7406.01",9,"HNSC"
"TCGA.CV.7407.01",27,"HNSC"
"TCGA.CV.7409.01",33,"HNSC"
"TCGA.CV.7410.01",29,"HNSC"
"TCGA.CV.7411.01",25,"HNSC"
"TCGA.CV.7413.01",33,"HNSC"
"TCGA.CV.7414.01",27,"HNSC"
"TCGA.CV.7415.01",41,"HNSC"
"TCGA.CV.7416.01",29,"HNSC"
"TCGA.CV.7418.01",29,"HNSC"
"TCGA.CV.7421.01",41,"HNSC"
"TCGA.CV.7422.01",25,"HNSC"
"TCGA.CV.7423.01",29,"HNSC"
"TCGA.CV.7424.01",35,"HNSC"
"TCGA.CV.7425.01",19,"HNSC"
"TCGA.CV.7427.01",29,"HNSC"
"TCGA.CV.7428.01",41,"HNSC"
"TCGA.CV.7429.01",37,"HNSC"
"TCGA.CV.7430.01",25,"HNSC"
"TCGA.CV.7432.01",45,"HNSC"
"TCGA.CV.7433.01",39,"HNSC"
"TCGA.CV.7434.01",37,"HNSC"
"TCGA.CV.7435.01",23,"HNSC"
"TCGA.CV.7437.01",37,"HNSC"
"TCGA.CV.7438.01",37,"HNSC"
"TCGA.CV.7440.01",45,"HNSC"
"TCGA.CV.7446.01",9,"HNSC"
"TCGA.CV.7568.01",25,"HNSC"
"TCGA.CV.A45O.01",9,"HNSC"
"TCGA.CV.A45P.01",37,"HNSC"
"TCGA.CV.A45Q.01",33,"HNSC"
"TCGA.CV.A45R.01",1,"HNSC"
"TCGA.CV.A45T.01",33,"HNSC"
"TCGA.CV.A45U.01",43,"HNSC"
"TCGA.CV.A45V.01",37,"HNSC"
"TCGA.CV.A45W.01",43,"HNSC"
"TCGA.CV.A45X.01",29,"HNSC"
"TCGA.CV.A45Y.01",31,"HNSC"
"TCGA.CV.A45Z.01",29,"HNSC"
"TCGA.CV.A460.01",27,"HNSC"
"TCGA.CV.A461.01",21,"HNSC"
"TCGA.CV.A463.01",33,"HNSC"
"TCGA.CV.A464.01",25,"HNSC"
"TCGA.CV.A465.01",31,"HNSC"
"TCGA.CV.A468.01",21,"HNSC"
"TCGA.CV.A6JD.01",33,"HNSC"
"TCGA.CV.A6JE.01",25,"HNSC"
"TCGA.CV.A6JM.01",35,"HNSC"
"TCGA.CV.A6JN.01",37,"HNSC"
"TCGA.CV.A6JO.01",45,"HNSC"
"TCGA.CV.A6JT.01",31,"HNSC"
"TCGA.CV.A6JU.01",25,"HNSC"
"TCGA.CV.A6JY.01",35,"HNSC"
"TCGA.CV.A6JZ.01",37,"HNSC"
"TCGA.CV.A6K0.01",23,"HNSC"
"TCGA.CV.A6K1.01",29,"HNSC"
"TCGA.CV.A6K2.01",33,"HNSC"
"TCGA.CX.7085.01",9,"HNSC"
"TCGA.CX.7086.01",25,"HNSC"
"TCGA.CX.7219.01",21,"HNSC"
"TCGA.CX.A4AQ.01",27,"HNSC"
"TCGA.D6.6515.01",15,"HNSC"
"TCGA.D6.6516.01",23,"HNSC"
"TCGA.D6.6517.01",43,"HNSC"
"TCGA.D6.6823.01",29,"HNSC"
"TCGA.D6.6824.01",-5,"HNSC"
"TCGA.D6.6825.01",31,"HNSC"
"TCGA.D6.6826.01",27,"HNSC"
"TCGA.D6.6827.01",9,"HNSC"
"TCGA.D6.8568.01",35,"HNSC"
"TCGA.D6.8569.01",29,"HNSC"
"TCGA.D6.A4Z9.01",33,"HNSC"
"TCGA.D6.A4ZB.01",41,"HNSC"
"TCGA.D6.A6EK.01",39,"HNSC"
"TCGA.D6.A6EM.01",35,"HNSC"
"TCGA.D6.A6EN.01",39,"HNSC"
"TCGA.D6.A6EO.01",17,"HNSC"
"TCGA.D6.A6EP.01",-5,"HNSC"
"TCGA.D6.A6EQ.01",41,"HNSC"
"TCGA.D6.A6ES.01",35,"HNSC"
"TCGA.D6.A74Q.01",29,"HNSC"
"TCGA.DQ.5624.01",31,"HNSC"
"TCGA.DQ.5625.01",19,"HNSC"
"TCGA.DQ.5629.01",31,"HNSC"
"TCGA.DQ.5630.01",33,"HNSC"
"TCGA.DQ.5631.01",33,"HNSC"
"TCGA.DQ.7588.01",49,"HNSC"
"TCGA.DQ.7589.01",41,"HNSC"
"TCGA.DQ.7590.01",29,"HNSC"
"TCGA.DQ.7591.01",23,"HNSC"
"TCGA.DQ.7592.01",27,"HNSC"
"TCGA.DQ.7593.01",7,"HNSC"
"TCGA.DQ.7594.01",19,"HNSC"
"TCGA.DQ.7595.01",11,"HNSC"
"TCGA.DQ.7596.01",27,"HNSC"
"TCGA.F7.7848.01",15,"HNSC"
"TCGA.F7.8298.01",45,"HNSC"
"TCGA.F7.8489.01",25,"HNSC"
"TCGA.F7.A50G.01",23,"HNSC"
"TCGA.F7.A50I.01",31,"HNSC"
"TCGA.F7.A50J.01",41,"HNSC"
"TCGA.F7.A61S.01",43,"HNSC"
"TCGA.F7.A61V.01",39,"HNSC"
"TCGA.F7.A61W.01",29,"HNSC"
"TCGA.F7.A620.01",27,"HNSC"
"TCGA.F7.A622.01",41,"HNSC"
"TCGA.F7.A623.01",29,"HNSC"
"TCGA.F7.A624.01",39,"HNSC"
"TCGA.H7.7774.01",21,"HNSC"
"TCGA.H7.8501.01",47,"HNSC"
"TCGA.H7.8502.01",31,"HNSC"
"TCGA.H7.A6C4.01",27,"HNSC"
"TCGA.H7.A76A.01",27,"HNSC"
"TCGA.HD.7229.01",43,"HNSC"
"TCGA.HD.7753.01",31,"HNSC"
"TCGA.HD.7754.01",-1,"HNSC"
"TCGA.HD.7831.01",25,"HNSC"
"TCGA.HD.7832.01",33,"HNSC"
"TCGA.HD.7917.01",45,"HNSC"
"TCGA.HD.8224.01",1,"HNSC"
"TCGA.HD.8314.01",-7,"HNSC"
"TCGA.HD.8634.01",43,"HNSC"
"TCGA.HD.8635.01",19,"HNSC"
"TCGA.HD.A4C1.01",19,"HNSC"
"TCGA.HD.A633.01",45,"HNSC"
"TCGA.HD.A634.01",23,"HNSC"
"TCGA.HD.A6HZ.01",37,"HNSC"
"TCGA.HD.A6I0.01",33,"HNSC"
"TCGA.HL.7533.01",43,"HNSC"
"TCGA.IQ.7630.01",41,"HNSC"
"TCGA.IQ.7631.01",1,"HNSC"
"TCGA.IQ.7632.01",25,"HNSC"
"TCGA.IQ.A61E.01",39,"HNSC"
"TCGA.IQ.A61G.01",47,"HNSC"
"TCGA.IQ.A61H.01",37,"HNSC"
"TCGA.IQ.A61I.01",19,"HNSC"
"TCGA.IQ.A61J.01",13,"HNSC"
"TCGA.IQ.A61O.01",37,"HNSC"
"TCGA.IQ.A6SG.01",47,"HNSC"
"TCGA.IQ.A6SH.01",39,"HNSC"
"TCGA.KU.A66S.01",29,"HNSC"
"TCGA.KU.A66T.01",47,"HNSC"
"TCGA.KU.A6H7.01",25,"HNSC"
"TCGA.KU.A6H8.01",21,"HNSC"
"TCGA.MT.A51W.01",37,"HNSC"
"TCGA.MT.A51X.01",27,"HNSC"
"TCGA.MT.A67A.01",23,"HNSC"
"TCGA.MT.A67D.01",39,"HNSC"
"TCGA.MT.A67F.01",29,"HNSC"
"TCGA.MT.A7BN.01",41,"HNSC"
"TCGA.MZ.A5BI.01",33,"HNSC"
"TCGA.MZ.A6I9.01",29,"HNSC"
"TCGA.MZ.A7D7.01",41,"HNSC"
"TCGA.P3.A5Q5.01",17,"HNSC"
"TCGA.P3.A5Q6.01",45,"HNSC"
"TCGA.P3.A5QA.01",39,"HNSC"
"TCGA.P3.A5QE.01",7,"HNSC"
"TCGA.P3.A5QF.01",37,"HNSC"
"TCGA.P3.A6SW.01",23,"HNSC"
"TCGA.P3.A6SX.01",41,"HNSC"
"TCGA.P3.A6T0.01",45,"HNSC"
"TCGA.P3.A6T2.01",41,"HNSC"
"TCGA.P3.A6T3.01",41,"HNSC"
"TCGA.P3.A6T4.01",23,"HNSC"
"TCGA.P3.A6T5.01",41,"HNSC"
"TCGA.P3.A6T6.01",27,"HNSC"
"TCGA.P3.A6T7.01",43,"HNSC"
"TCGA.P3.A6T8.01",27,"HNSC"
"TCGA.QK.A64Z.01",27,"HNSC"
"TCGA.QK.A652.01",7,"HNSC"
"TCGA.QK.A6IF.01",-11,"HNSC"
"TCGA.QK.A6IG.01",39,"HNSC"
"TCGA.QK.A6IH.01",41,"HNSC"
"TCGA.QK.A6II.01",45,"HNSC"
"TCGA.QK.A6IJ.01",33,"HNSC"
"TCGA.QK.A6V9.01",17,"HNSC"
"TCGA.QK.A6VB.01",31,"HNSC"
"TCGA.QK.A6VC.01",39,"HNSC"
"TCGA.QK.A8Z7.01",13,"HNSC"
"TCGA.QK.A8Z8.01",17,"HNSC"
"TCGA.QK.A8Z9.01",19,"HNSC"
"TCGA.QK.A8ZA.01",33,"HNSC"
"TCGA.QK.A8ZB.01",33,"HNSC"
"TCGA.QK.AA3J.01",-5,"HNSC"
"TCGA.QK.AA3K.01",29,"HNSC"
"TCGA.RS.A6TO.01",43,"HNSC"
"TCGA.RS.A6TP.01",25,"HNSC"
"TCGA.T2.A6WX.01",41,"HNSC"
"TCGA.T2.A6WZ.01",33,"HNSC"
"TCGA.T2.A6X0.01",31,"HNSC"
"TCGA.T2.A6X2.01",29,"HNSC"
"TCGA.T3.A92M.01",35,"HNSC"
"TCGA.T3.A92N.01",45,"HNSC"
"TCGA.TN.A7HI.01",37,"HNSC"
"TCGA.TN.A7HJ.01",43,"HNSC"
"TCGA.TN.A7HL.01",41,"HNSC"
"TCGA.UF.A718.01",43,"HNSC"
"TCGA.UF.A719.01",17,"HNSC"
"TCGA.UF.A71A.01",43,"HNSC"
"TCGA.UF.A71B.01",33,"HNSC"
"TCGA.UF.A71D.01",15,"HNSC"
"TCGA.UF.A71E.01",35,"HNSC"
"TCGA.UF.A7J9.01",21,"HNSC"
"TCGA.UF.A7JA.01",41,"HNSC"
"TCGA.UF.A7JC.01",37,"HNSC"
"TCGA.UF.A7JD.01",45,"HNSC"
"TCGA.UF.A7JF.01",37,"HNSC"
"TCGA.UF.A7JH.01",47,"HNSC"
"TCGA.UF.A7JJ.01",25,"HNSC"
"TCGA.UF.A7JK.01",39,"HNSC"
"TCGA.UF.A7JO.01",37,"HNSC"
"TCGA.UF.A7JS.01",25,"HNSC"
"TCGA.UF.A7JT.01",41,"HNSC"
"TCGA.UF.A7JV.01",47,"HNSC"
"TCGA.UP.A6WW.01",33,"HNSC"
"TCGA.WA.A7GZ.01",35,"HNSC"
"TCGA.WA.A7H4.01",15,"HNSC"
"TCGA.2K.A9WE.01",5,"KIRP"
"TCGA.2Z.A9J1.01",1,"KIRP"
"TCGA.2Z.A9J2.01",3,"KIRP"
"TCGA.2Z.A9J3.01",7,"KIRP"
"TCGA.2Z.A9J5.01",9,"KIRP"
"TCGA.2Z.A9J6.01",-1,"KIRP"
"TCGA.2Z.A9J7.01",3,"KIRP"
"TCGA.2Z.A9J8.01",-9,"KIRP"
"TCGA.2Z.A9J9.01",1,"KIRP"
"TCGA.2Z.A9JD.01",-7,"KIRP"
"TCGA.2Z.A9JE.01",1,"KIRP"
"TCGA.2Z.A9JG.01",-15,"KIRP"
"TCGA.2Z.A9JI.01",-1,"KIRP"
"TCGA.2Z.A9JJ.01",-3,"KIRP"
"TCGA.2Z.A9JK.01",7,"KIRP"
"TCGA.2Z.A9JL.01",-21,"KIRP"
"TCGA.2Z.A9JM.01",-11,"KIRP"
"TCGA.2Z.A9JN.01",-23,"KIRP"
"TCGA.2Z.A9JO.01",-1,"KIRP"
"TCGA.2Z.A9JP.01",1,"KIRP"
"TCGA.2Z.A9JQ.01",-3,"KIRP"
"TCGA.2Z.A9JR.01",-13,"KIRP"
"TCGA.2Z.A9JS.01",-13,"KIRP"
"TCGA.2Z.A9JT.01",-1,"KIRP"
"TCGA.4A.A93W.01",-19,"KIRP"
"TCGA.4A.A93X.01",5,"KIRP"
"TCGA.4A.A93Y.01",-15,"KIRP"
"TCGA.5P.A9JU.01",11,"KIRP"
"TCGA.5P.A9JV.01",5,"KIRP"
"TCGA.5P.A9JW.01",-3,"KIRP"
"TCGA.5P.A9JY.01",-9,"KIRP"
"TCGA.5P.A9JZ.01",-11,"KIRP"
"TCGA.5P.A9K0.01",-5,"KIRP"
"TCGA.5P.A9K2.01",-19,"KIRP"
"TCGA.5P.A9K3.01",5,"KIRP"
"TCGA.5P.A9K4.01",11,"KIRP"
"TCGA.5P.A9K6.01",-5,"KIRP"
"TCGA.5P.A9K8.01",-15,"KIRP"
"TCGA.5P.A9K9.01",5,"KIRP"
"TCGA.5P.A9KA.01",-23,"KIRP"
"TCGA.5P.A9KC.01",9,"KIRP"
"TCGA.5P.A9KE.01",-3,"KIRP"
"TCGA.5P.A9KH.01",-21,"KIRP"
"TCGA.A4.7286.01",-5,"KIRP"
"TCGA.A4.7287.01",33,"KIRP"
"TCGA.A4.7288.01",-19,"KIRP"
"TCGA.A4.7583.01",-13,"KIRP"
"TCGA.A4.7584.01",-19,"KIRP"
"TCGA.A4.7585.01",-5,"KIRP"
"TCGA.A4.7732.01",-19,"KIRP"
"TCGA.A4.7734.01",-39,"KIRP"
"TCGA.A4.7828.01",3,"KIRP"
"TCGA.A4.7915.01",13,"KIRP"
"TCGA.A4.7996.01",-11,"KIRP"
"TCGA.A4.7997.01",-3,"KIRP"
"TCGA.A4.8098.01",-5,"KIRP"
"TCGA.A4.8310.01",1,"KIRP"
"TCGA.A4.8311.01",-23,"KIRP"
"TCGA.A4.8312.01",-11,"KIRP"
"TCGA.A4.8515.01",-17,"KIRP"
"TCGA.A4.8516.01",-17,"KIRP"
"TCGA.A4.8517.01",-13,"KIRP"
"TCGA.A4.8518.01",-5,"KIRP"
"TCGA.A4.8630.01",-19,"KIRP"
"TCGA.A4.A48D.01",-13,"KIRP"
"TCGA.A4.A4ZT.01",-17,"KIRP"
"TCGA.A4.A57E.01",23,"KIRP"
"TCGA.A4.A5DU.01",-21,"KIRP"
"TCGA.A4.A5XZ.01",-11,"KIRP"
"TCGA.A4.A5Y0.01",1,"KIRP"
"TCGA.A4.A5Y1.01",-25,"KIRP"
"TCGA.A4.A6HP.01",5,"KIRP"
"TCGA.A4.A772.01",-3,"KIRP"
"TCGA.A4.A7UZ.01",7,"KIRP"
"TCGA.AL.3466.01",11,"KIRP"
"TCGA.AL.3467.01",-33,"KIRP"
"TCGA.AL.3471.01",-33,"KIRP"
"TCGA.AL.3472.01",-37,"KIRP"
"TCGA.AL.3473.01",15,"KIRP"
"TCGA.AL.7173.01",9,"KIRP"
"TCGA.AT.A5NU.01",-33,"KIRP"
"TCGA.B1.5398.01",-11,"KIRP"
"TCGA.B1.7332.01",-7,"KIRP"
"TCGA.B1.A47M.01",-5,"KIRP"
"TCGA.B1.A47N.01",-35,"KIRP"
"TCGA.B1.A654.01",-9,"KIRP"
"TCGA.B1.A655.01",-9,"KIRP"
"TCGA.B1.A656.01",7,"KIRP"
"TCGA.B1.A657.01",-21,"KIRP"
"TCGA.B3.3925.01",-35,"KIRP"
"TCGA.B3.3926.01",-25,"KIRP"
"TCGA.B3.4103.01",-33,"KIRP"
"TCGA.B3.4104.01",-19,"KIRP"
"TCGA.B3.8121.01",-9,"KIRP"
"TCGA.B3.A6W5.01",-7,"KIRP"
"TCGA.B9.4113.01",-33,"KIRP"
"TCGA.B9.4114.01",-11,"KIRP"
"TCGA.B9.4115.01",1,"KIRP"
"TCGA.B9.4116.01",-29,"KIRP"
"TCGA.B9.4117.01",-29,"KIRP"
"TCGA.B9.4617.01",-19,"KIRP"
"TCGA.B9.5155.01",-25,"KIRP"
"TCGA.B9.5156.01",-3,"KIRP"
"TCGA.B9.7268.01",-11,"KIRP"
"TCGA.B9.A44B.01",-5,"KIRP"
"TCGA.B9.A5W7.01",3,"KIRP"
"TCGA.B9.A5W8.01",-27,"KIRP"
"TCGA.B9.A5W9.01",-13,"KIRP"
"TCGA.B9.A69E.01",-19,"KIRP"
"TCGA.B9.A8YH.01",-17,"KIRP"
"TCGA.B9.A8YI.01",-9,"KIRP"
"TCGA.BQ.5875.01",-13,"KIRP"
"TCGA.BQ.5876.01",-7,"KIRP"
"TCGA.BQ.5877.01",-13,"KIRP"
"TCGA.BQ.5878.01",-21,"KIRP"
"TCGA.BQ.5879.01",11,"KIRP"
"TCGA.BQ.5880.01",-1,"KIRP"
"TCGA.BQ.5881.01",-1,"KIRP"
"TCGA.BQ.5882.01",3,"KIRP"
"TCGA.BQ.5883.01",-29,"KIRP"
"TCGA.BQ.5884.01",-23,"KIRP"
"TCGA.BQ.5885.01",-17,"KIRP"
"TCGA.BQ.5886.01",5,"KIRP"
"TCGA.BQ.5887.01",11,"KIRP"
"TCGA.BQ.5888.01",-11,"KIRP"
"TCGA.BQ.5889.01",-11,"KIRP"
"TCGA.BQ.5890.01",5,"KIRP"
"TCGA.BQ.5891.01",3,"KIRP"
"TCGA.BQ.5892.01",7,"KIRP"
"TCGA.BQ.5893.01",9,"KIRP"
"TCGA.BQ.5894.01",19,"KIRP"
"TCGA.BQ.7044.01",-9,"KIRP"
"TCGA.BQ.7045.01",1,"KIRP"
"TCGA.BQ.7046.01",-11,"KIRP"
"TCGA.BQ.7048.01",3,"KIRP"
"TCGA.BQ.7050.01",-21,"KIRP"
"TCGA.BQ.7051.01",-19,"KIRP"
"TCGA.BQ.7053.01",-29,"KIRP"
"TCGA.BQ.7055.01",-21,"KIRP"
"TCGA.BQ.7058.01",-11,"KIRP"
"TCGA.BQ.7059.01",-11,"KIRP"
"TCGA.BQ.7060.01",-21,"KIRP"
"TCGA.BQ.7061.01",-5,"KIRP"
"TCGA.BQ.7062.01",-21,"KIRP"
"TCGA.DW.5560.01",-33,"KIRP"
"TCGA.DW.5561.01",-21,"KIRP"
"TCGA.DW.7834.01",-9,"KIRP"
"TCGA.DW.7836.01",-23,"KIRP"
"TCGA.DW.7837.01",-19,"KIRP"
"TCGA.DW.7838.01",5,"KIRP"
"TCGA.DW.7839.01",-29,"KIRP"
"TCGA.DW.7840.01",-19,"KIRP"
"TCGA.DW.7841.01",-23,"KIRP"
"TCGA.DW.7842.01",-33,"KIRP"
"TCGA.DW.7963.01",-3,"KIRP"
"TCGA.DZ.6131.01",-29,"KIRP"
"TCGA.DZ.6132.01",-29,"KIRP"
"TCGA.DZ.6133.01",-23,"KIRP"
"TCGA.DZ.6134.01",-11,"KIRP"
"TCGA.DZ.6135.01",-29,"KIRP"
"TCGA.EV.5901.01",-41,"KIRP"
"TCGA.EV.5902.01",-11,"KIRP"
"TCGA.EV.5903.01",-21,"KIRP"
"TCGA.F9.A4JJ.01",11,"KIRP"
"TCGA.F9.A7Q0.01",-13,"KIRP"
"TCGA.F9.A7VF.01",1,"KIRP"
"TCGA.F9.A8NY.01",17,"KIRP"
"TCGA.F9.A97G.01",-5,"KIRP"
"TCGA.G7.6789.01",7,"KIRP"
"TCGA.G7.6790.01",-11,"KIRP"
"TCGA.G7.6792.01",-9,"KIRP"
"TCGA.G7.6793.01",9,"KIRP"
"TCGA.G7.6795.01",-13,"KIRP"
"TCGA.G7.6796.01",-11,"KIRP"
"TCGA.G7.6797.01",-19,"KIRP"
"TCGA.G7.7501.01",7,"KIRP"
"TCGA.G7.7502.01",-13,"KIRP"
"TCGA.G7.A4TM.01",-23,"KIRP"
"TCGA.G7.A8LB.01",-27,"KIRP"
"TCGA.G7.A8LC.01",1,"KIRP"
"TCGA.G7.A8LD.01",-17,"KIRP"
"TCGA.G7.A8LE.01",-37,"KIRP"
"TCGA.GL.6846.01",-25,"KIRP"
"TCGA.GL.7773.01",-5,"KIRP"
"TCGA.GL.7966.01",-1,"KIRP"
"TCGA.GL.8500.01",-7,"KIRP"
"TCGA.GL.A4EM.01",-3,"KIRP"
"TCGA.GL.A59R.01",-13,"KIRP"
"TCGA.GL.A59T.01",-1,"KIRP"
"TCGA.GL.A9DC.01",-1,"KIRP"
"TCGA.GL.A9DD.01",-11,"KIRP"
"TCGA.GL.A9DE.01",-17,"KIRP"
"TCGA.HE.7128.01",-21,"KIRP"
"TCGA.HE.7129.01",-13,"KIRP"
"TCGA.HE.7130.01",11,"KIRP"
"TCGA.HE.A5NF.01",-11,"KIRP"
"TCGA.HE.A5NH.01",-21,"KIRP"
"TCGA.HE.A5NI.01",-13,"KIRP"
"TCGA.HE.A5NJ.01",-23,"KIRP"
"TCGA.HE.A5NK.01",-13,"KIRP"
"TCGA.HE.A5NL.01",-27,"KIRP"
"TCGA.IA.A40U.01",-3,"KIRP"
"TCGA.IA.A40X.01",-21,"KIRP"
"TCGA.IA.A40Y.01",13,"KIRP"
"TCGA.IA.A83S.01",3,"KIRP"
"TCGA.IA.A83T.01",-9,"KIRP"
"TCGA.IA.A83V.01",3,"KIRP"
"TCGA.IA.A83W.01",-25,"KIRP"
"TCGA.IZ.8195.01",-11,"KIRP"
"TCGA.IZ.8196.01",-33,"KIRP"
"TCGA.IZ.A6M8.01",3,"KIRP"
"TCGA.IZ.A6M9.01",-7,"KIRP"
"TCGA.J7.6720.01",-11,"KIRP"
"TCGA.J7.8537.01",13,"KIRP"
"TCGA.J7.A8I2.01",-17,"KIRP"
"TCGA.KV.A6GD.01",-3,"KIRP"
"TCGA.KV.A6GE.01",-15,"KIRP"
"TCGA.KV.A74V.01",-9,"KIRP"
"TCGA.MH.A55W.01",-15,"KIRP"
"TCGA.MH.A55Z.01",-17,"KIRP"
"TCGA.MH.A560.01",3,"KIRP"
"TCGA.MH.A561.01",-15,"KIRP"
"TCGA.MH.A562.01",-7,"KIRP"
"TCGA.MH.A854.01",17,"KIRP"
"TCGA.MH.A855.01",-11,"KIRP"
"TCGA.MH.A856.01",-1,"KIRP"
"TCGA.MH.A857.01",-5,"KIRP"
"TCGA.O9.A75Z.01",-29,"KIRP"
"TCGA.P4.A5E6.01",-23,"KIRP"
"TCGA.P4.A5E7.01",1,"KIRP"
"TCGA.P4.A5E8.01",13,"KIRP"
"TCGA.P4.A5EA.01",-1,"KIRP"
"TCGA.P4.A5EB.01",-7,"KIRP"
"TCGA.P4.A5ED.01",-33,"KIRP"
"TCGA.P4.AAVK.01",1,"KIRP"
"TCGA.P4.AAVL.01",3,"KIRP"
"TCGA.P4.AAVM.01",-11,"KIRP"
"TCGA.P4.AAVO.01",1,"KIRP"
"TCGA.PJ.A5Z8.01",-27,"KIRP"
"TCGA.PJ.A5Z9.01",-1,"KIRP"
"TCGA.Q2.A5QZ.01",1,"KIRP"
"TCGA.SX.A71R.01",-15,"KIRP"
"TCGA.SX.A71S.01",-43,"KIRP"
"TCGA.SX.A71U.01",-9,"KIRP"
"TCGA.SX.A71V.01",-13,"KIRP"
"TCGA.SX.A7SL.01",-5,"KIRP"
"TCGA.SX.A7SM.01",1,"KIRP"
"TCGA.SX.A7SN.01",3,"KIRP"
"TCGA.SX.A7SO.01",-23,"KIRP"
"TCGA.SX.A7SP.01",-3,"KIRP"
"TCGA.SX.A7SQ.01",-7,"KIRP"
"TCGA.SX.A7SR.01",-13,"KIRP"
"TCGA.SX.A7SS.01",-17,"KIRP"
"TCGA.SX.A7SU.01",-31,"KIRP"
"TCGA.UN.AAZ9.01",-21,"KIRP"
"TCGA.UZ.A9PJ.01",-19,"KIRP"
"TCGA.UZ.A9PK.01",-11,"KIRP"
"TCGA.UZ.A9PL.01",-11,"KIRP"
"TCGA.UZ.A9PM.01",9,"KIRP"
"TCGA.UZ.A9PN.01",-7,"KIRP"
"TCGA.UZ.A9PO.01",-9,"KIRP"
"TCGA.UZ.A9PP.01",-15,"KIRP"
"TCGA.UZ.A9PQ.01",-19,"KIRP"
"TCGA.UZ.A9PR.01",-31,"KIRP"
"TCGA.UZ.A9PS.01",-11,"KIRP"
"TCGA.UZ.A9PU.01",-25,"KIRP"
"TCGA.UZ.A9PV.01",-7,"KIRP"
"TCGA.UZ.A9PX.01",-31,"KIRP"
"TCGA.UZ.A9PZ.01",-17,"KIRP"
"TCGA.UZ.A9Q0.01",-15,"KIRP"
"TCGA.UZ.A9Q1.01",-13,"KIRP"
"TCGA.V9.A7HT.01",-3,"KIRP"
"TCGA.WN.A9G9.01",-9,"KIRP"
"TCGA.WN.AB4C.01",-9,"KIRP"
"TCGA.Y8.A894.01",-25,"KIRP"
"TCGA.Y8.A895.01",-17,"KIRP"
"TCGA.Y8.A896.01",-13,"KIRP"
"TCGA.Y8.A897.01",-17,"KIRP"
"TCGA.Y8.A898.01",-1,"KIRP"
"TCGA.Y8.A8RY.01",-27,"KIRP"
"TCGA.Y8.A8RZ.01",-9,"KIRP"
"TCGA.Y8.A8S0.01",-33,"KIRP"
"TCGA.Y8.A8S1.01",-1,"KIRP"
"TCGA.CS.4938.01",-27,"LGG"
"TCGA.CS.4941.01",-33,"LGG"
"TCGA.CS.4942.01",-27,"LGG"
"TCGA.CS.4943.01",-11,"LGG"
"TCGA.CS.4944.01",-11,"LGG"
"TCGA.CS.5390.01",-27,"LGG"
"TCGA.CS.5393.01",-25,"LGG"
"TCGA.CS.5394.01",-31,"LGG"
"TCGA.CS.5395.01",-21,"LGG"
"TCGA.CS.5396.01",-35,"LGG"
"TCGA.CS.5397.01",-29,"LGG"
"TCGA.CS.6186.01",-31,"LGG"
"TCGA.CS.6188.01",-27,"LGG"
"TCGA.CS.6290.01",-23,"LGG"
"TCGA.CS.6665.01",-21,"LGG"
"TCGA.CS.6666.01",-15,"LGG"
"TCGA.CS.6667.01",-23,"LGG"
"TCGA.CS.6668.01",-45,"LGG"
"TCGA.CS.6669.01",-21,"LGG"
"TCGA.CS.6670.01",-23,"LGG"
"TCGA.DB.5270.01",-23,"LGG"
"TCGA.DB.5273.01",-19,"LGG"
"TCGA.DB.5274.01",-3,"LGG"
"TCGA.DB.5275.01",-27,"LGG"
"TCGA.DB.5276.01",-25,"LGG"
"TCGA.DB.5277.01",-13,"LGG"
"TCGA.DB.5278.01",-29,"LGG"
"TCGA.DB.5279.01",-23,"LGG"
"TCGA.DB.5280.01",-31,"LGG"
"TCGA.DB.5281.01",-23,"LGG"
"TCGA.DB.A4X9.01",-25,"LGG"
"TCGA.DB.A4XA.01",-23,"LGG"
"TCGA.DB.A4XB.01",-35,"LGG"
"TCGA.DB.A4XC.01",-31,"LGG"
"TCGA.DB.A4XD.01",-31,"LGG"
"TCGA.DB.A4XE.01",-21,"LGG"
"TCGA.DB.A4XF.01",-31,"LGG"
"TCGA.DB.A4XG.01",-33,"LGG"
"TCGA.DB.A4XH.01",-25,"LGG"
"TCGA.DB.A64L.01",-31,"LGG"
"TCGA.DB.A64O.01",-27,"LGG"
"TCGA.DB.A64P.01",-19,"LGG"
"TCGA.DB.A64Q.01",-31,"LGG"
"TCGA.DB.A64R.01",-39,"LGG"
"TCGA.DB.A64S.01",-19,"LGG"
"TCGA.DB.A64U.01",-33,"LGG"
"TCGA.DB.A64V.01",-25,"LGG"
"TCGA.DB.A64W.01",-15,"LGG"
"TCGA.DB.A64X.01",-17,"LGG"
"TCGA.DB.A75K.01",-25,"LGG"
"TCGA.DB.A75L.01",-23,"LGG"
"TCGA.DB.A75M.01",-25,"LGG"
"TCGA.DB.A75O.01",-17,"LGG"
"TCGA.DB.A75P.01",-21,"LGG"
"TCGA.DH.5140.01",-25,"LGG"
"TCGA.DH.5141.01",-19,"LGG"
"TCGA.DH.5142.01",-31,"LGG"
"TCGA.DH.5143.01",-19,"LGG"
"TCGA.DH.5144.01",-37,"LGG"
"TCGA.DH.A669.01",-9,"LGG"
"TCGA.DH.A66B.01",-29,"LGG"
"TCGA.DH.A66D.01",-35,"LGG"
"TCGA.DH.A66F.01",-23,"LGG"
"TCGA.DH.A66G.01",-29,"LGG"
"TCGA.DH.A7UR.01",-21,"LGG"
"TCGA.DH.A7US.01",-27,"LGG"
"TCGA.DH.A7UT.01",-29,"LGG"
"TCGA.DH.A7UU.01",-25,"LGG"
"TCGA.DH.A7UV.01",-23,"LGG"
"TCGA.DU.5847.01",-23,"LGG"
"TCGA.DU.5849.01",-27,"LGG"
"TCGA.DU.5851.01",-25,"LGG"
"TCGA.DU.5852.01",-19,"LGG"
"TCGA.DU.5853.01",-29,"LGG"
"TCGA.DU.5854.01",-27,"LGG"
"TCGA.DU.5855.01",-29,"LGG"
"TCGA.DU.5870.01",-27,"LGG"
"TCGA.DU.5871.01",-27,"LGG"
"TCGA.DU.5872.01",-25,"LGG"
"TCGA.DU.5874.01",-37,"LGG"
"TCGA.DU.6392.01",-15,"LGG"
"TCGA.DU.6393.01",-23,"LGG"
"TCGA.DU.6394.01",-39,"LGG"
"TCGA.DU.6395.01",-21,"LGG"
"TCGA.DU.6396.01",-39,"LGG"
"TCGA.DU.6397.01",-25,"LGG"
"TCGA.DU.6399.01",-25,"LGG"
"TCGA.DU.6400.01",-33,"LGG"
"TCGA.DU.6401.01",-29,"LGG"
"TCGA.DU.6402.01",-1,"LGG"
"TCGA.DU.6403.01",-21,"LGG"
"TCGA.DU.6404.01",-13,"LGG"
"TCGA.DU.6405.01",-25,"LGG"
"TCGA.DU.6406.01",-25,"LGG"
"TCGA.DU.6407.01",-25,"LGG"
"TCGA.DU.6408.01",-29,"LGG"
"TCGA.DU.6410.01",-27,"LGG"
"TCGA.DU.6542.01",-31,"LGG"
"TCGA.DU.7006.01",-29,"LGG"
"TCGA.DU.7007.01",-27,"LGG"
"TCGA.DU.7008.01",-25,"LGG"
"TCGA.DU.7009.01",-35,"LGG"
"TCGA.DU.7010.01",-19,"LGG"
"TCGA.DU.7011.01",-23,"LGG"
"TCGA.DU.7012.01",-35,"LGG"
"TCGA.DU.7013.01",-25,"LGG"
"TCGA.DU.7014.01",-17,"LGG"
"TCGA.DU.7015.01",-29,"LGG"
"TCGA.DU.7018.01",-29,"LGG"
"TCGA.DU.7019.01",-21,"LGG"
"TCGA.DU.7290.01",-25,"LGG"
"TCGA.DU.7292.01",-15,"LGG"
"TCGA.DU.7294.01",-31,"LGG"
"TCGA.DU.7298.01",-21,"LGG"
"TCGA.DU.7299.01",-19,"LGG"
"TCGA.DU.7300.01",-23,"LGG"
"TCGA.DU.7301.01",-29,"LGG"
"TCGA.DU.7302.01",-31,"LGG"
"TCGA.DU.7304.01",-23,"LGG"
"TCGA.DU.7306.01",-29,"LGG"
"TCGA.DU.7309.01",-23,"LGG"
"TCGA.DU.8158.01",-25,"LGG"
"TCGA.DU.8161.01",-25,"LGG"
"TCGA.DU.8162.01",-23,"LGG"
"TCGA.DU.8163.01",-27,"LGG"
"TCGA.DU.8164.01",-35,"LGG"
"TCGA.DU.8165.01",-19,"LGG"
"TCGA.DU.8166.01",-35,"LGG"
"TCGA.DU.8167.01",-29,"LGG"
"TCGA.DU.8168.01",-31,"LGG"
"TCGA.DU.A5TP.01",-19,"LGG"
"TCGA.DU.A5TR.01",-27,"LGG"
"TCGA.DU.A5TS.01",-15,"LGG"
"TCGA.DU.A5TT.01",-17,"LGG"
"TCGA.DU.A5TU.01",-23,"LGG"
"TCGA.DU.A5TW.01",-23,"LGG"
"TCGA.DU.A5TY.01",-25,"LGG"
"TCGA.DU.A6S2.01",-27,"LGG"
"TCGA.DU.A6S3.01",-29,"LGG"
"TCGA.DU.A6S6.01",-31,"LGG"
"TCGA.DU.A6S7.01",-27,"LGG"
"TCGA.DU.A6S8.01",-37,"LGG"
"TCGA.DU.A76K.01",-19,"LGG"
"TCGA.DU.A76L.01",15,"LGG"
"TCGA.DU.A76O.01",-27,"LGG"
"TCGA.DU.A76R.01",-21,"LGG"
"TCGA.DU.A7T6.01",-3,"LGG"
"TCGA.DU.A7T8.01",-27,"LGG"
"TCGA.DU.A7TA.01",-23,"LGG"
"TCGA.DU.A7TB.01",-27,"LGG"
"TCGA.DU.A7TC.01",-13,"LGG"
"TCGA.DU.A7TD.01",-23,"LGG"
"TCGA.DU.A7TG.01",-31,"LGG"
"TCGA.DU.A7TI.01",-19,"LGG"
"TCGA.DU.A7TJ.01",-21,"LGG"
"TCGA.E1.5302.01",-19,"LGG"
"TCGA.E1.5303.01",-11,"LGG"
"TCGA.E1.5304.01",-13,"LGG"
"TCGA.E1.5305.01",-19,"LGG"
"TCGA.E1.5307.01",-27,"LGG"
"TCGA.E1.5311.01",-29,"LGG"
"TCGA.E1.5318.01",-33,"LGG"
"TCGA.E1.5319.01",-23,"LGG"
"TCGA.E1.5322.01",-29,"LGG"
"TCGA.E1.A7YD.01",-5,"LGG"
"TCGA.E1.A7YE.01",-31,"LGG"
"TCGA.E1.A7YH.01",-23,"LGG"
"TCGA.E1.A7YI.01",-11,"LGG"
"TCGA.E1.A7YJ.01",-15,"LGG"
"TCGA.E1.A7YK.01",-23,"LGG"
"TCGA.E1.A7YL.01",13,"LGG"
"TCGA.E1.A7YM.01",-21,"LGG"
"TCGA.E1.A7YN.01",-29,"LGG"
"TCGA.E1.A7YO.01",-29,"LGG"
"TCGA.E1.A7YQ.01",-9,"LGG"
"TCGA.E1.A7YS.01",-31,"LGG"
"TCGA.E1.A7YU.01",-15,"LGG"
"TCGA.E1.A7YV.01",-21,"LGG"
"TCGA.E1.A7YW.01",-23,"LGG"
"TCGA.E1.A7YY.01",-23,"LGG"
"TCGA.E1.A7Z2.01",-19,"LGG"
"TCGA.E1.A7Z3.01",-21,"LGG"
"TCGA.E1.A7Z4.01",-23,"LGG"
"TCGA.E1.A7Z6.01",-23,"LGG"
"TCGA.EZ.7264.01",-39,"LGG"
"TCGA.F6.A8O3.01",-27,"LGG"
"TCGA.F6.A8O4.01",-21,"LGG"
"TCGA.FG.5962.01",-27,"LGG"
"TCGA.FG.5963.01",-21,"LGG"
"TCGA.FG.5964.01",-23,"LGG"
"TCGA.FG.5965.01",-29,"LGG"
"TCGA.FG.6688.01",-13,"LGG"
"TCGA.FG.6689.01",-21,"LGG"
"TCGA.FG.6690.01",-29,"LGG"
"TCGA.FG.6691.01",-19,"LGG"
"TCGA.FG.6692.01",-9,"LGG"
"TCGA.FG.7634.01",-25,"LGG"
"TCGA.FG.7636.01",-27,"LGG"
"TCGA.FG.7637.01",-31,"LGG"
"TCGA.FG.7638.01",-21,"LGG"
"TCGA.FG.7641.01",-27,"LGG"
"TCGA.FG.7643.01",-15,"LGG"
"TCGA.FG.8181.01",-21,"LGG"
"TCGA.FG.8182.01",-29,"LGG"
"TCGA.FG.8185.01",-21,"LGG"
"TCGA.FG.8186.01",-29,"LGG"
"TCGA.FG.8187.01",-21,"LGG"
"TCGA.FG.8188.01",-27,"LGG"
"TCGA.FG.8189.01",-25,"LGG"
"TCGA.FG.8191.01",-23,"LGG"
"TCGA.FG.A4MT.01",-25,"LGG"
"TCGA.FG.A4MU.01",7,"LGG"
"TCGA.FG.A4MW.01",-17,"LGG"
"TCGA.FG.A4MX.01",-23,"LGG"
"TCGA.FG.A4MY.01",-23,"LGG"
"TCGA.FG.A60J.01",-25,"LGG"
"TCGA.FG.A60K.01",-35,"LGG"
"TCGA.FG.A60L.01",-7,"LGG"
"TCGA.FG.A6IZ.01",-15,"LGG"
"TCGA.FG.A6J1.01",-15,"LGG"
"TCGA.FG.A6J3.01",-1,"LGG"
"TCGA.FG.A70Y.01",-17,"LGG"
"TCGA.FG.A70Z.01",-17,"LGG"
"TCGA.FG.A710.01",-27,"LGG"
"TCGA.FG.A711.01",-17,"LGG"
"TCGA.FG.A713.01",-25,"LGG"
"TCGA.FG.A87N.01",-21,"LGG"
"TCGA.FG.A87Q.01",-25,"LGG"
"TCGA.FN.7833.01",-27,"LGG"
"TCGA.HT.7467.01",-23,"LGG"
"TCGA.HT.7468.01",-35,"LGG"
"TCGA.HT.7469.01",-27,"LGG"
"TCGA.HT.7470.01",-23,"LGG"
"TCGA.HT.7471.01",-25,"LGG"
"TCGA.HT.7472.01",-31,"LGG"
"TCGA.HT.7473.01",-33,"LGG"
"TCGA.HT.7474.01",-27,"LGG"
"TCGA.HT.7475.01",-21,"LGG"
"TCGA.HT.7476.01",-11,"LGG"
"TCGA.HT.7477.01",-11,"LGG"
"TCGA.HT.7478.01",-29,"LGG"
"TCGA.HT.7479.01",-21,"LGG"
"TCGA.HT.7480.01",-33,"LGG"
"TCGA.HT.7481.01",-21,"LGG"
"TCGA.HT.7482.01",-23,"LGG"
"TCGA.HT.7483.01",-27,"LGG"
"TCGA.HT.7485.01",-25,"LGG"
"TCGA.HT.7601.01",-31,"LGG"
"TCGA.HT.7602.01",-19,"LGG"
"TCGA.HT.7603.01",-7,"LGG"
"TCGA.HT.7604.01",-25,"LGG"
"TCGA.HT.7605.01",-29,"LGG"
"TCGA.HT.7606.01",-7,"LGG"
"TCGA.HT.7607.01",-29,"LGG"
"TCGA.HT.7608.01",-17,"LGG"
"TCGA.HT.7609.01",-33,"LGG"
"TCGA.HT.7610.01",-27,"LGG"
"TCGA.HT.7611.01",-27,"LGG"
"TCGA.HT.7616.01",-29,"LGG"
"TCGA.HT.7620.01",-25,"LGG"
"TCGA.HT.7676.01",-23,"LGG"
"TCGA.HT.7677.01",-37,"LGG"
"TCGA.HT.7680.01",-23,"LGG"
"TCGA.HT.7681.01",-23,"LGG"
"TCGA.HT.7684.01",17,"LGG"
"TCGA.HT.7686.01",-25,"LGG"
"TCGA.HT.7687.01",-27,"LGG"
"TCGA.HT.7688.01",-27,"LGG"
"TCGA.HT.7689.01",-29,"LGG"
"TCGA.HT.7690.01",-25,"LGG"
"TCGA.HT.7691.01",-17,"LGG"
"TCGA.HT.7692.01",-25,"LGG"
"TCGA.HT.7693.01",-3,"LGG"
"TCGA.HT.7694.01",-25,"LGG"
"TCGA.HT.7695.01",-29,"LGG"
"TCGA.HT.7854.01",-27,"LGG"
"TCGA.HT.7855.01",-35,"LGG"
"TCGA.HT.7856.01",-27,"LGG"
"TCGA.HT.7857.01",-31,"LGG"
"TCGA.HT.7858.01",-25,"LGG"
"TCGA.HT.7860.01",-39,"LGG"
"TCGA.HT.7873.01",-27,"LGG"
"TCGA.HT.7874.01",-27,"LGG"
"TCGA.HT.7875.01",-35,"LGG"
"TCGA.HT.7877.01",-25,"LGG"
"TCGA.HT.7879.01",-27,"LGG"
"TCGA.HT.7880.01",-25,"LGG"
"TCGA.HT.7881.01",-27,"LGG"
"TCGA.HT.7882.01",-9,"LGG"
"TCGA.HT.7884.01",-25,"LGG"
"TCGA.HT.7902.01",-23,"LGG"
"TCGA.HT.8010.01",-19,"LGG"
"TCGA.HT.8011.01",-7,"LGG"
"TCGA.HT.8012.01",-31,"LGG"
"TCGA.HT.8013.01",-31,"LGG"
"TCGA.HT.8015.01",-25,"LGG"
"TCGA.HT.8018.01",-23,"LGG"
"TCGA.HT.8019.01",-21,"LGG"
"TCGA.HT.8104.01",-23,"LGG"
"TCGA.HT.8105.01",-25,"LGG"
"TCGA.HT.8106.01",-29,"LGG"
"TCGA.HT.8107.01",-27,"LGG"
"TCGA.HT.8108.01",-37,"LGG"
"TCGA.HT.8109.01",-25,"LGG"
"TCGA.HT.8110.01",-19,"LGG"
"TCGA.HT.8111.01",-23,"LGG"
"TCGA.HT.8113.01",-15,"LGG"
"TCGA.HT.8114.01",-27,"LGG"
"TCGA.HT.8558.01",-25,"LGG"
"TCGA.HT.8563.01",-27,"LGG"
"TCGA.HT.8564.01",-23,"LGG"
"TCGA.HT.A4DS.01",-3,"LGG"
"TCGA.HT.A4DV.01",-17,"LGG"
"TCGA.HT.A5R5.01",-11,"LGG"
"TCGA.HT.A5R7.01",-25,"LGG"
"TCGA.HT.A5R9.01",-35,"LGG"
"TCGA.HT.A5RA.01",7,"LGG"
"TCGA.HT.A5RB.01",-27,"LGG"
"TCGA.HT.A5RC.01",-33,"LGG"
"TCGA.HT.A614.01",-29,"LGG"
"TCGA.HT.A615.01",-29,"LGG"
"TCGA.HT.A616.01",-19,"LGG"
"TCGA.HT.A617.01",-11,"LGG"
"TCGA.HT.A618.01",-27,"LGG"
"TCGA.HT.A61A.01",-25,"LGG"
"TCGA.HT.A61B.01",-19,"LGG"
"TCGA.HT.A61C.01",5,"LGG"
"TCGA.HT.A74H.01",-13,"LGG"
"TCGA.HT.A74J.01",-21,"LGG"
"TCGA.HT.A74K.01",5,"LGG"
"TCGA.HT.A74L.01",-31,"LGG"
"TCGA.HT.A74O.01",-19,"LGG"
"TCGA.HW.7486.01",-23,"LGG"
"TCGA.HW.7487.01",-25,"LGG"
"TCGA.HW.7489.01",-19,"LGG"
"TCGA.HW.7490.01",-25,"LGG"
"TCGA.HW.7491.01",-29,"LGG"
"TCGA.HW.7493.01",-27,"LGG"
"TCGA.HW.7495.01",-27,"LGG"
"TCGA.HW.8319.01",-27,"LGG"
"TCGA.HW.8320.01",-33,"LGG"
"TCGA.HW.8321.01",-23,"LGG"
"TCGA.HW.8322.01",-37,"LGG"
"TCGA.HW.A5KJ.01",-19,"LGG"
"TCGA.HW.A5KK.01",-23,"LGG"
"TCGA.HW.A5KL.01",-27,"LGG"
"TCGA.HW.A5KM.01",-35,"LGG"
"TCGA.IK.7675.01",-25,"LGG"
"TCGA.IK.8125.01",-29,"LGG"
"TCGA.KT.A74X.01",-25,"LGG"
"TCGA.KT.A7W1.01",-15,"LGG"
"TCGA.P5.A5ET.01",-21,"LGG"
"TCGA.P5.A5EU.01",11,"LGG"
"TCGA.P5.A5EV.01",-15,"LGG"
"TCGA.P5.A5EW.01",-31,"LGG"
"TCGA.P5.A5EX.01",-15,"LGG"
"TCGA.P5.A5EY.01",-19,"LGG"
"TCGA.P5.A5EZ.01",-23,"LGG"
"TCGA.P5.A5F0.01",-27,"LGG"
"TCGA.P5.A5F1.01",-5,"LGG"
"TCGA.P5.A5F2.01",-17,"LGG"
"TCGA.P5.A5F4.01",-21,"LGG"
"TCGA.P5.A5F6.01",-5,"LGG"
"TCGA.P5.A72U.01",-23,"LGG"
"TCGA.P5.A72W.01",-19,"LGG"
"TCGA.P5.A72X.01",-29,"LGG"
"TCGA.P5.A72Z.01",-33,"LGG"
"TCGA.P5.A730.01",-19,"LGG"
"TCGA.P5.A731.01",-13,"LGG"
"TCGA.P5.A733.01",-21,"LGG"
"TCGA.P5.A735.01",-25,"LGG"
"TCGA.P5.A736.01",-23,"LGG"
"TCGA.P5.A737.01",-37,"LGG"
"TCGA.P5.A77W.01",-27,"LGG"
"TCGA.P5.A77X.01",-25,"LGG"
"TCGA.P5.A780.01",-23,"LGG"
"TCGA.P5.A781.01",-25,"LGG"
"TCGA.QH.A65R.01",-15,"LGG"
"TCGA.QH.A65S.01",-21,"LGG"
"TCGA.QH.A65V.01",-19,"LGG"
"TCGA.QH.A65X.01",-15,"LGG"
"TCGA.QH.A65Z.01",-27,"LGG"
"TCGA.QH.A6CS.01",-9,"LGG"
"TCGA.QH.A6CU.01",-17,"LGG"
"TCGA.QH.A6CV.01",-13,"LGG"
"TCGA.QH.A6CW.01",-23,"LGG"
"TCGA.QH.A6CX.01",-13,"LGG"
"TCGA.QH.A6CY.01",-25,"LGG"
"TCGA.QH.A6CZ.01",-25,"LGG"
"TCGA.QH.A6X3.01",-27,"LGG"
"TCGA.QH.A6X4.01",-27,"LGG"
"TCGA.QH.A6X5.01",-19,"LGG"
"TCGA.QH.A6X8.01",-33,"LGG"
"TCGA.QH.A6X9.01",-31,"LGG"
"TCGA.QH.A6XA.01",-21,"LGG"
"TCGA.QH.A6XC.01",-13,"LGG"
"TCGA.QH.A86X.01",-25,"LGG"
"TCGA.QH.A870.01",-25,"LGG"
"TCGA.R8.A6MK.01",-23,"LGG"
"TCGA.R8.A6ML.01",-31,"LGG"
"TCGA.R8.A6MO.01",-21,"LGG"
"TCGA.R8.A6YH.01",-29,"LGG"
"TCGA.RY.A83X.01",-31,"LGG"
"TCGA.RY.A83Y.01",-23,"LGG"
"TCGA.RY.A83Z.01",-5,"LGG"
"TCGA.RY.A840.01",-31,"LGG"
"TCGA.RY.A843.01",-17,"LGG"
"TCGA.RY.A845.01",-25,"LGG"
"TCGA.RY.A847.01",-17,"LGG"
"TCGA.S9.A6TS.01",-21,"LGG"
"TCGA.S9.A6TU.01",-25,"LGG"
"TCGA.S9.A6TV.01",-3,"LGG"
"TCGA.S9.A6TW.01",-19,"LGG"
"TCGA.S9.A6TX.01",-23,"LGG"
"TCGA.S9.A6TY.01",-25,"LGG"
"TCGA.S9.A6TZ.01",-29,"LGG"
"TCGA.S9.A6U0.01",1,"LGG"
"TCGA.S9.A6U1.01",-25,"LGG"
"TCGA.S9.A6U2.01",-35,"LGG"
"TCGA.S9.A6U5.01",-29,"LGG"
"TCGA.S9.A6U6.01",-23,"LGG"
"TCGA.S9.A6U8.01",-27,"LGG"
"TCGA.S9.A6U9.01",-19,"LGG"
"TCGA.S9.A6UA.01",-27,"LGG"
"TCGA.S9.A6UB.01",-39,"LGG"
"TCGA.S9.A6WD.01",-25,"LGG"
"TCGA.S9.A6WE.01",-15,"LGG"
"TCGA.S9.A6WG.01",-11,"LGG"
"TCGA.S9.A6WH.01",-35,"LGG"
"TCGA.S9.A6WI.01",-17,"LGG"
"TCGA.S9.A6WL.01",-29,"LGG"
"TCGA.S9.A6WM.01",-25,"LGG"
"TCGA.S9.A6WN.01",-29,"LGG"
"TCGA.S9.A6WO.01",-33,"LGG"
"TCGA.S9.A6WP.01",-23,"LGG"
"TCGA.S9.A6WQ.01",-25,"LGG"
"TCGA.S9.A7IQ.01",-25,"LGG"
"TCGA.S9.A7IS.01",-11,"LGG"
"TCGA.S9.A7IX.01",-27,"LGG"
"TCGA.S9.A7IY.01",-27,"LGG"
"TCGA.S9.A7IZ.01",-29,"LGG"
"TCGA.S9.A7J0.01",-5,"LGG"
"TCGA.S9.A7J1.01",-31,"LGG"
"TCGA.S9.A7J2.01",-33,"LGG"
"TCGA.S9.A7J3.01",-27,"LGG"
"TCGA.S9.A7QW.01",-29,"LGG"
"TCGA.S9.A7QX.01",-31,"LGG"
"TCGA.S9.A7QY.01",-21,"LGG"
"TCGA.S9.A7QZ.01",-29,"LGG"
"TCGA.S9.A7R1.01",-25,"LGG"
"TCGA.S9.A7R2.01",-23,"LGG"
"TCGA.S9.A7R3.01",-25,"LGG"
"TCGA.S9.A7R4.01",-27,"LGG"
"TCGA.S9.A7R7.01",-31,"LGG"
"TCGA.S9.A7R8.01",-31,"LGG"
"TCGA.S9.A89V.01",-39,"LGG"
"TCGA.S9.A89Z.01",-21,"LGG"
"TCGA.TM.A7C3.01",-31,"LGG"
"TCGA.TM.A7C4.01",-25,"LGG"
"TCGA.TM.A7C5.01",-31,"LGG"
"TCGA.TM.A7CA.01",-33,"LGG"
"TCGA.TM.A7CF.01",-27,"LGG"
"TCGA.TM.A84B.01",-25,"LGG"
"TCGA.TM.A84C.01",-29,"LGG"
"TCGA.TM.A84F.01",-21,"LGG"
"TCGA.TM.A84G.01",-41,"LGG"
"TCGA.TM.A84H.01",-27,"LGG"
"TCGA.TM.A84I.01",-23,"LGG"
"TCGA.TM.A84J.01",1,"LGG"
"TCGA.TM.A84L.01",-29,"LGG"
"TCGA.TM.A84M.01",-37,"LGG"
"TCGA.TM.A84O.01",-35,"LGG"
"TCGA.TM.A84Q.01",-29,"LGG"
"TCGA.TM.A84R.01",-25,"LGG"
"TCGA.TM.A84S.01",-29,"LGG"
"TCGA.TM.A84T.01",-29,"LGG"
"TCGA.TQ.A7RF.01",-17,"LGG"
"TCGA.TQ.A7RG.01",-29,"LGG"
"TCGA.TQ.A7RH.01",-29,"LGG"
"TCGA.TQ.A7RI.01",-29,"LGG"
"TCGA.TQ.A7RJ.01",-19,"LGG"
"TCGA.TQ.A7RK.01",-25,"LGG"
"TCGA.TQ.A7RM.01",-17,"LGG"
"TCGA.TQ.A7RN.01",-25,"LGG"
"TCGA.TQ.A7RO.01",-33,"LGG"
"TCGA.TQ.A7RP.01",-11,"LGG"
"TCGA.TQ.A7RQ.01",-33,"LGG"
"TCGA.TQ.A7RR.01",-27,"LGG"
"TCGA.TQ.A7RS.01",-29,"LGG"
"TCGA.TQ.A7RU.01",-33,"LGG"
"TCGA.TQ.A7RV.01",-23,"LGG"
"TCGA.TQ.A7RW.01",-31,"LGG"
"TCGA.TQ.A8XE.01",-29,"LGG"
"TCGA.VM.A8C8.01",-17,"LGG"
"TCGA.VM.A8C9.01",-13,"LGG"
"TCGA.VM.A8CA.01",-13,"LGG"
"TCGA.VM.A8CB.01",-27,"LGG"
"TCGA.VM.A8CD.01",-3,"LGG"
"TCGA.VM.A8CE.01",-29,"LGG"
"TCGA.VM.A8CF.01",-9,"LGG"
"TCGA.VM.A8CH.01",-27,"LGG"
"TCGA.VV.A829.01",-31,"LGG"
"TCGA.VV.A86M.01",-25,"LGG"
"TCGA.VW.A7QS.01",-3,"LGG"
"TCGA.VW.A8FI.01",-15,"LGG"
"TCGA.W9.A837.01",-31,"LGG"
"TCGA.WH.A86K.01",-21,"LGG"
"TCGA.WY.A858.01",-17,"LGG"
"TCGA.WY.A859.01",-21,"LGG"
"TCGA.WY.A85A.01",-25,"LGG"
"TCGA.WY.A85B.01",-23,"LGG"
"TCGA.WY.A85C.01",-23,"LGG"
"TCGA.WY.A85D.01",-23,"LGG"
"TCGA.WY.A85E.01",-19,"LGG"
"TCGA.2V.A95S.01",-13,"LIHC"
"TCGA.2Y.A9GS.01",-9,"LIHC"
"TCGA.2Y.A9GT.01",-27,"LIHC"
"TCGA.2Y.A9GU.01",-15,"LIHC"
"TCGA.2Y.A9GV.01",-27,"LIHC"
"TCGA.2Y.A9GW.01",-7,"LIHC"
"TCGA.2Y.A9GX.01",-27,"LIHC"
"TCGA.2Y.A9GY.01",13,"LIHC"
"TCGA.2Y.A9GZ.01",-25,"LIHC"
"TCGA.2Y.A9H0.01",25,"LIHC"
"TCGA.2Y.A9H1.01",-1,"LIHC"
"TCGA.2Y.A9H2.01",-15,"LIHC"
"TCGA.2Y.A9H3.01",-11,"LIHC"
"TCGA.2Y.A9H4.01",-9,"LIHC"
"TCGA.2Y.A9H5.01",-27,"LIHC"
"TCGA.2Y.A9H6.01",-25,"LIHC"
"TCGA.2Y.A9H7.01",-23,"LIHC"
"TCGA.2Y.A9H8.01",-17,"LIHC"
"TCGA.2Y.A9H9.01",-17,"LIHC"
"TCGA.2Y.A9HA.01",-7,"LIHC"
"TCGA.2Y.A9HB.01",-27,"LIHC"
"TCGA.3K.AAZ8.01",-21,"LIHC"
"TCGA.4R.AA8I.01",-19,"LIHC"
"TCGA.5C.A9VG.01",-3,"LIHC"
"TCGA.5C.A9VH.01",-17,"LIHC"
"TCGA.5C.AAPD.01",15,"LIHC"
"TCGA.5R.AA1C.01",-15,"LIHC"
"TCGA.5R.AA1D.01",-13,"LIHC"
"TCGA.5R.AAAM.01",-19,"LIHC"
"TCGA.BC.4072.01",11,"LIHC"
"TCGA.BC.4073.01",23,"LIHC"
"TCGA.BC.A10Q.01",19,"LIHC"
"TCGA.BC.A10R.01",-13,"LIHC"
"TCGA.BC.A10S.01",-7,"LIHC"
"TCGA.BC.A10T.01",-13,"LIHC"
"TCGA.BC.A10U.01",15,"LIHC"
"TCGA.BC.A10W.01",-1,"LIHC"
"TCGA.BC.A10X.01",-13,"LIHC"
"TCGA.BC.A10Y.01",-13,"LIHC"
"TCGA.BC.A10Z.01",-17,"LIHC"
"TCGA.BC.A110.01",-1,"LIHC"
"TCGA.BC.A112.01",-9,"LIHC"
"TCGA.BC.A216.01",-15,"LIHC"
"TCGA.BC.A217.01",-5,"LIHC"
"TCGA.BC.A3KF.01",-9,"LIHC"
"TCGA.BC.A3KG.01",-11,"LIHC"
"TCGA.BC.A5W4.01",-5,"LIHC"
"TCGA.BC.A69H.01",7,"LIHC"
"TCGA.BC.A69I.01",-11,"LIHC"
"TCGA.BC.A8YO.01",-11,"LIHC"
"TCGA.BD.A2L6.01",-7,"LIHC"
"TCGA.BD.A3EP.01",-9,"LIHC"
"TCGA.BW.A5NO.01",-11,"LIHC"
"TCGA.BW.A5NP.01",-13,"LIHC"
"TCGA.BW.A5NQ.01",11,"LIHC"
"TCGA.CC.5258.01",5,"LIHC"
"TCGA.CC.5259.01",3,"LIHC"
"TCGA.CC.5260.01",-17,"LIHC"
"TCGA.CC.5261.01",-25,"LIHC"
"TCGA.CC.5262.01",5,"LIHC"
"TCGA.CC.5263.01",17,"LIHC"
"TCGA.CC.5264.01",17,"LIHC"
"TCGA.CC.A123.01",-11,"LIHC"
"TCGA.CC.A1HT.01",19,"LIHC"
"TCGA.CC.A3M9.01",29,"LIHC"
"TCGA.CC.A3MA.01",-1,"LIHC"
"TCGA.CC.A3MB.01",1,"LIHC"
"TCGA.CC.A3MC.01",-5,"LIHC"
"TCGA.CC.A5UC.01",11,"LIHC"
"TCGA.CC.A5UD.01",-7,"LIHC"
"TCGA.CC.A5UE.01",13,"LIHC"
"TCGA.CC.A7IE.01",5,"LIHC"
"TCGA.CC.A7IF.01",-5,"LIHC"
"TCGA.CC.A7IG.01",13,"LIHC"
"TCGA.CC.A7IH.01",-27,"LIHC"
"TCGA.CC.A7II.01",29,"LIHC"
"TCGA.CC.A7IJ.01",25,"LIHC"
"TCGA.CC.A7IK.01",-11,"LIHC"
"TCGA.CC.A7IL.01",-5,"LIHC"
"TCGA.CC.A8HT.01",25,"LIHC"
"TCGA.CC.A8HU.01",3,"LIHC"
"TCGA.CC.A8HV.01",-17,"LIHC"
"TCGA.CC.A9FS.01",-15,"LIHC"
"TCGA.CC.A9FU.01",5,"LIHC"
"TCGA.CC.A9FV.01",-21,"LIHC"
"TCGA.CC.A9FW.01",-1,"LIHC"
"TCGA.DD.A113.01",-1,"LIHC"
"TCGA.DD.A114.01",-1,"LIHC"
"TCGA.DD.A115.01",-23,"LIHC"
"TCGA.DD.A116.01",-5,"LIHC"
"TCGA.DD.A118.01",-9,"LIHC"
"TCGA.DD.A119.01",-9,"LIHC"
"TCGA.DD.A11A.01",-23,"LIHC"
"TCGA.DD.A11B.01",-25,"LIHC"
"TCGA.DD.A11C.01",-19,"LIHC"
"TCGA.DD.A11D.01",-23,"LIHC"
"TCGA.DD.A1EA.01",-25,"LIHC"
"TCGA.DD.A1EB.01",-29,"LIHC"
"TCGA.DD.A1EC.01",-5,"LIHC"
"TCGA.DD.A1ED.01",-23,"LIHC"
"TCGA.DD.A1EE.01",-17,"LIHC"
"TCGA.DD.A1EF.01",-27,"LIHC"
"TCGA.DD.A1EG.01",-9,"LIHC"
"TCGA.DD.A1EH.01",-31,"LIHC"
"TCGA.DD.A1EI.01",-15,"LIHC"
"TCGA.DD.A1EJ.01",-1,"LIHC"
"TCGA.DD.A1EK.01",-1,"LIHC"
"TCGA.DD.A1EL.01",19,"LIHC"
"TCGA.DD.A39V.01",-3,"LIHC"
"TCGA.DD.A39W.01",-31,"LIHC"
"TCGA.DD.A39X.01",-7,"LIHC"
"TCGA.DD.A39Y.01",27,"LIHC"
"TCGA.DD.A39Z.01",-7,"LIHC"
"TCGA.DD.A3A1.01",7,"LIHC"
"TCGA.DD.A3A2.01",-17,"LIHC"
"TCGA.DD.A3A3.01",3,"LIHC"
"TCGA.DD.A3A4.01",-15,"LIHC"
"TCGA.DD.A3A5.01",-17,"LIHC"
"TCGA.DD.A3A6.01",-13,"LIHC"
"TCGA.DD.A3A7.01",-5,"LIHC"
"TCGA.DD.A3A8.01",-21,"LIHC"
"TCGA.DD.A3A9.01",-13,"LIHC"
"TCGA.DD.A4NA.01",-3,"LIHC"
"TCGA.DD.A4NB.01",-17,"LIHC"
"TCGA.DD.A4ND.01",-21,"LIHC"
"TCGA.DD.A4NE.01",-11,"LIHC"
"TCGA.DD.A4NF.01",-31,"LIHC"
"TCGA.DD.A4NG.01",-21,"LIHC"
"TCGA.DD.A4NH.01",-5,"LIHC"
"TCGA.DD.A4NI.01",-27,"LIHC"
"TCGA.DD.A4NJ.01",-9,"LIHC"
"TCGA.DD.A4NK.01",-25,"LIHC"
"TCGA.DD.A4NL.01",-27,"LIHC"
"TCGA.DD.A4NN.01",-7,"LIHC"
"TCGA.DD.A4NO.01",-19,"LIHC"
"TCGA.DD.A4NP.01",-17,"LIHC"
"TCGA.DD.A4NQ.01",29,"LIHC"
"TCGA.DD.A4NR.01",7,"LIHC"
"TCGA.DD.A4NS.01",-29,"LIHC"
"TCGA.DD.A4NV.01",-21,"LIHC"
"TCGA.DD.A73A.01",-33,"LIHC"
"TCGA.DD.A73B.01",1,"LIHC"
"TCGA.DD.A73C.01",-25,"LIHC"
"TCGA.DD.A73D.01",-23,"LIHC"
"TCGA.DD.A73E.01",-33,"LIHC"
"TCGA.DD.A73F.01",-1,"LIHC"
"TCGA.DD.A73G.01",1,"LIHC"
"TCGA.DD.AA3A.01",11,"LIHC"
"TCGA.DD.AAC8.01",-3,"LIHC"
"TCGA.DD.AAC9.01",-9,"LIHC"
"TCGA.DD.AACA.01",-21,"LIHC"
"TCGA.DD.AACB.01",7,"LIHC"
"TCGA.DD.AACC.01",-9,"LIHC"
"TCGA.DD.AACD.01",-3,"LIHC"
"TCGA.DD.AACE.01",-29,"LIHC"
"TCGA.DD.AACF.01",3,"LIHC"
"TCGA.DD.AACG.01",-1,"LIHC"
"TCGA.DD.AACH.01",5,"LIHC"
"TCGA.DD.AACI.01",-13,"LIHC"
"TCGA.DD.AACJ.01",-19,"LIHC"
"TCGA.DD.AACK.01",-3,"LIHC"
"TCGA.DD.AACL.01",25,"LIHC"
"TCGA.DD.AACN.01",-27,"LIHC"
"TCGA.DD.AACO.01",-15,"LIHC"
"TCGA.DD.AACP.01",17,"LIHC"
"TCGA.DD.AACQ.01",-27,"LIHC"
"TCGA.DD.AACS.01",-21,"LIHC"
"TCGA.DD.AACT.01",-19,"LIHC"
"TCGA.DD.AACU.01",-23,"LIHC"
"TCGA.DD.AACV.01",-7,"LIHC"
"TCGA.DD.AACW.01",-25,"LIHC"
"TCGA.DD.AACX.01",1,"LIHC"
"TCGA.DD.AACY.01",-15,"LIHC"
"TCGA.DD.AACZ.01",15,"LIHC"
"TCGA.DD.AAD0.01",-9,"LIHC"
"TCGA.DD.AAD1.01",-25,"LIHC"
"TCGA.DD.AAD2.01",-9,"LIHC"
"TCGA.DD.AAD3.01",-25,"LIHC"
"TCGA.DD.AAD5.01",19,"LIHC"
"TCGA.DD.AAD6.01",-21,"LIHC"
"TCGA.DD.AAD8.01",-23,"LIHC"
"TCGA.DD.AADA.01",-29,"LIHC"
"TCGA.DD.AADB.01",-3,"LIHC"
"TCGA.DD.AADC.01",-5,"LIHC"
"TCGA.DD.AADD.01",-17,"LIHC"
"TCGA.DD.AADF.01",-7,"LIHC"
"TCGA.DD.AADG.01",-19,"LIHC"
"TCGA.DD.AADI.01",-17,"LIHC"
"TCGA.DD.AADJ.01",-13,"LIHC"
"TCGA.DD.AADK.01",-11,"LIHC"
"TCGA.DD.AADL.01",-15,"LIHC"
"TCGA.DD.AADM.01",-9,"LIHC"
"TCGA.DD.AADN.01",5,"LIHC"
"TCGA.DD.AADO.01",-9,"LIHC"
"TCGA.DD.AADP.01",-23,"LIHC"
"TCGA.DD.AADQ.01",-9,"LIHC"
"TCGA.DD.AADR.01",-5,"LIHC"
"TCGA.DD.AADS.01",-9,"LIHC"
"TCGA.DD.AADU.01",-23,"LIHC"
"TCGA.DD.AADV.01",-21,"LIHC"
"TCGA.DD.AADW.01",-19,"LIHC"
"TCGA.DD.AADY.01",-21,"LIHC"
"TCGA.DD.AAE0.01",1,"LIHC"
"TCGA.DD.AAE1.01",-21,"LIHC"
"TCGA.DD.AAE2.01",-19,"LIHC"
"TCGA.DD.AAE3.01",-15,"LIHC"
"TCGA.DD.AAE4.01",-7,"LIHC"
"TCGA.DD.AAE6.01",-15,"LIHC"
"TCGA.DD.AAE7.01",-19,"LIHC"
"TCGA.DD.AAE9.01",-9,"LIHC"
"TCGA.DD.AAEA.01",-11,"LIHC"
"TCGA.DD.AAEB.01",-13,"LIHC"
"TCGA.DD.AAED.01",-17,"LIHC"
"TCGA.DD.AAEE.01",-15,"LIHC"
"TCGA.DD.AAEG.01",-3,"LIHC"
"TCGA.DD.AAEH.01",-23,"LIHC"
"TCGA.DD.AAEI.01",-1,"LIHC"
"TCGA.DD.AAEK.01",-23,"LIHC"
"TCGA.DD.AAVP.01",-9,"LIHC"
"TCGA.DD.AAVQ.01",-19,"LIHC"
"TCGA.DD.AAVR.01",-7,"LIHC"
"TCGA.DD.AAVS.01",-23,"LIHC"
"TCGA.DD.AAVU.01",-3,"LIHC"
"TCGA.DD.AAVV.01",-9,"LIHC"
"TCGA.DD.AAVW.01",-23,"LIHC"
"TCGA.DD.AAVX.01",-17,"LIHC"
"TCGA.DD.AAVY.01",-19,"LIHC"
"TCGA.DD.AAVZ.01",-25,"LIHC"
"TCGA.DD.AAW0.01",-25,"LIHC"
"TCGA.DD.AAW1.01",-23,"LIHC"
"TCGA.DD.AAW2.01",-23,"LIHC"
"TCGA.DD.AAW3.01",-17,"LIHC"
"TCGA.ED.A459.01",21,"LIHC"
"TCGA.ED.A4XI.01",-29,"LIHC"
"TCGA.ED.A5KG.01",-33,"LIHC"
"TCGA.ED.A627.01",-15,"LIHC"
"TCGA.ED.A66X.01",-11,"LIHC"
"TCGA.ED.A66Y.01",-19,"LIHC"
"TCGA.ED.A7PX.01",15,"LIHC"
"TCGA.ED.A7PY.01",-27,"LIHC"
"TCGA.ED.A7PZ.01",23,"LIHC"
"TCGA.ED.A7XO.01",-1,"LIHC"
"TCGA.ED.A7XP.01",-11,"LIHC"
"TCGA.ED.A82E.01",-13,"LIHC"
"TCGA.ED.A8O5.01",-21,"LIHC"
"TCGA.ED.A8O6.01",1,"LIHC"
"TCGA.ED.A97K.01",-29,"LIHC"
"TCGA.EP.A12J.01",-23,"LIHC"
"TCGA.EP.A26S.01",-33,"LIHC"
"TCGA.EP.A2KA.01",-1,"LIHC"
"TCGA.EP.A2KB.01",-23,"LIHC"
"TCGA.EP.A2KC.01",-21,"LIHC"
"TCGA.EP.A3JL.01",1,"LIHC"
"TCGA.EP.A3RK.01",1,"LIHC"
"TCGA.ES.A2HS.01",-15,"LIHC"
"TCGA.ES.A2HT.01",1,"LIHC"
"TCGA.FV.A23B.01",-19,"LIHC"
"TCGA.FV.A2QQ.01",-9,"LIHC"
"TCGA.FV.A2QR.01",-31,"LIHC"
"TCGA.FV.A3I0.01",7,"LIHC"
"TCGA.FV.A3I1.01",-11,"LIHC"
"TCGA.FV.A3R2.01",-5,"LIHC"
"TCGA.FV.A3R3.01",-29,"LIHC"
"TCGA.FV.A495.01",1,"LIHC"
"TCGA.FV.A496.01",-17,"LIHC"
"TCGA.FV.A4ZP.01",-1,"LIHC"
"TCGA.FV.A4ZQ.01",1,"LIHC"
"TCGA.G3.A25S.01",1,"LIHC"
"TCGA.G3.A25T.01",27,"LIHC"
"TCGA.G3.A25U.01",-13,"LIHC"
"TCGA.G3.A25V.01",-1,"LIHC"
"TCGA.G3.A25X.01",15,"LIHC"
"TCGA.G3.A25Y.01",-9,"LIHC"
"TCGA.G3.A25Z.01",-9,"LIHC"
"TCGA.G3.A3CH.01",-25,"LIHC"
"TCGA.G3.A3CI.01",-23,"LIHC"
"TCGA.G3.A3CJ.01",-9,"LIHC"
"TCGA.G3.A3CK.01",-25,"LIHC"
"TCGA.G3.A5SI.01",-7,"LIHC"
"TCGA.G3.A5SJ.01",7,"LIHC"
"TCGA.G3.A5SK.01",-15,"LIHC"
"TCGA.G3.A5SL.01",-17,"LIHC"
"TCGA.G3.A5SM.01",-7,"LIHC"
"TCGA.G3.A6UC.01",-29,"LIHC"
"TCGA.G3.A7M5.01",-9,"LIHC"
"TCGA.G3.A7M6.01",-23,"LIHC"
"TCGA.G3.A7M7.01",1,"LIHC"
"TCGA.G3.A7M8.01",-19,"LIHC"
"TCGA.G3.A7M9.01",31,"LIHC"
"TCGA.G3.AAUZ.01",-1,"LIHC"
"TCGA.G3.AAV0.01",-15,"LIHC"
"TCGA.G3.AAV1.01",-21,"LIHC"
"TCGA.G3.AAV2.01",-15,"LIHC"
"TCGA.G3.AAV3.01",-13,"LIHC"
"TCGA.G3.AAV4.01",-17,"LIHC"
"TCGA.G3.AAV5.01",1,"LIHC"
"TCGA.G3.AAV6.01",1,"LIHC"
"TCGA.G3.AAV7.01",35,"LIHC"
"TCGA.GJ.A3OU.01",-11,"LIHC"
"TCGA.GJ.A6C0.01",17,"LIHC"
"TCGA.GJ.A9DB.01",-25,"LIHC"
"TCGA.HP.A5MZ.01",-15,"LIHC"
"TCGA.HP.A5N0.01",-25,"LIHC"
"TCGA.K7.A5RF.01",-23,"LIHC"
"TCGA.K7.A5RG.01",-21,"LIHC"
"TCGA.K7.A6G5.01",-7,"LIHC"
"TCGA.K7.AAU7.01",3,"LIHC"
"TCGA.KR.A7K0.01",-5,"LIHC"
"TCGA.KR.A7K2.01",-13,"LIHC"
"TCGA.KR.A7K7.01",5,"LIHC"
"TCGA.KR.A7K8.01",-15,"LIHC"
"TCGA.LG.A6GG.01",-21,"LIHC"
"TCGA.LG.A9QC.01",-23,"LIHC"
"TCGA.LG.A9QD.01",-21,"LIHC"
"TCGA.MI.A75C.01",-3,"LIHC"
"TCGA.MI.A75E.01",-3,"LIHC"
"TCGA.MI.A75G.01",-5,"LIHC"
"TCGA.MI.A75H.01",-17,"LIHC"
"TCGA.MI.A75I.01",3,"LIHC"
"TCGA.MR.A520.01",-21,"LIHC"
"TCGA.MR.A8JO.01",5,"LIHC"
"TCGA.NI.A4U2.01",-5,"LIHC"
"TCGA.NI.A8LF.01",-19,"LIHC"
"TCGA.O8.A75V.01",-13,"LIHC"
"TCGA.PD.A5DF.01",-7,"LIHC"
"TCGA.QA.A7B7.01",-3,"LIHC"
"TCGA.RC.A6M3.01",25,"LIHC"
"TCGA.RC.A6M4.01",-15,"LIHC"
"TCGA.RC.A6M5.01",-5,"LIHC"
"TCGA.RC.A6M6.01",27,"LIHC"
"TCGA.RC.A7S9.01",-5,"LIHC"
"TCGA.RC.A7SB.01",-5,"LIHC"
"TCGA.RC.A7SF.01",-5,"LIHC"
"TCGA.RC.A7SH.01",-27,"LIHC"
"TCGA.RC.A7SK.01",-19,"LIHC"
"TCGA.RG.A7D4.01",1,"LIHC"
"TCGA.UB.A7MA.01",-11,"LIHC"
"TCGA.UB.A7MB.01",-11,"LIHC"
"TCGA.UB.A7MC.01",-17,"LIHC"
"TCGA.UB.A7MD.01",-3,"LIHC"
"TCGA.UB.A7ME.01",-13,"LIHC"
"TCGA.UB.A7MF.01",11,"LIHC"
"TCGA.UB.AA0U.01",-25,"LIHC"
"TCGA.UB.AA0V.01",-29,"LIHC"
"TCGA.WJ.A86L.01",-27,"LIHC"
"TCGA.WQ.A9G7.01",9,"LIHC"
"TCGA.WQ.AB4B.01",-11,"LIHC"
"TCGA.WX.AA44.01",-23,"LIHC"
"TCGA.WX.AA46.01",-17,"LIHC"
"TCGA.WX.AA47.01",3,"LIHC"
"TCGA.XR.A8TD.01",7,"LIHC"
"TCGA.XR.A8TE.01",-27,"LIHC"
"TCGA.XR.A8TF.01",-11,"LIHC"
"TCGA.XR.A8TG.01",-17,"LIHC"
"TCGA.YA.A8S7.01",27,"LIHC"
"TCGA.ZP.A9CV.01",-27,"LIHC"
"TCGA.ZP.A9CY.01",-23,"LIHC"
"TCGA.ZP.A9CZ.01",-9,"LIHC"
"TCGA.ZP.A9D0.01",-17,"LIHC"
"TCGA.ZP.A9D1.01",-19,"LIHC"
"TCGA.ZP.A9D2.01",-23,"LIHC"
"TCGA.ZP.A9D4.01",-31,"LIHC"
"TCGA.ZS.A9CD.01",-5,"LIHC"
"TCGA.ZS.A9CE.01",-19,"LIHC"
"TCGA.ZS.A9CF.01",-13,"LIHC"
"TCGA.ZS.A9CG.01",-15,"LIHC"
"TCGA.05.4244.01",11,"LUAD"
"TCGA.05.4249.01",-27,"LUAD"
"TCGA.05.4250.01",29,"LUAD"
"TCGA.05.4382.01",19,"LUAD"
"TCGA.05.4384.01",-37,"LUAD"
"TCGA.05.4389.01",13,"LUAD"
"TCGA.05.4390.01",35,"LUAD"
"TCGA.05.4395.01",43,"LUAD"
"TCGA.05.4396.01",-19,"LUAD"
"TCGA.05.4397.01",19,"LUAD"
"TCGA.05.4398.01",33,"LUAD"
"TCGA.05.4402.01",17,"LUAD"
"TCGA.05.4403.01",-3,"LUAD"
"TCGA.05.4405.01",-31,"LUAD"
"TCGA.05.4410.01",-17,"LUAD"
"TCGA.05.4415.01",35,"LUAD"
"TCGA.05.4417.01",-17,"LUAD"
"TCGA.05.4418.01",33,"LUAD"
"TCGA.05.4420.01",29,"LUAD"
"TCGA.05.4422.01",-15,"LUAD"
"TCGA.05.4424.01",-13,"LUAD"
"TCGA.05.4425.01",-5,"LUAD"
"TCGA.05.4426.01",13,"LUAD"
"TCGA.05.4427.01",-1,"LUAD"
"TCGA.05.4430.01",-1,"LUAD"
"TCGA.05.4432.01",9,"LUAD"
"TCGA.05.4433.01",-21,"LUAD"
"TCGA.05.4434.01",29,"LUAD"
"TCGA.05.5423.01",-3,"LUAD"
"TCGA.05.5425.01",7,"LUAD"
"TCGA.05.5428.01",23,"LUAD"
"TCGA.05.5429.01",21,"LUAD"
"TCGA.05.5715.01",-19,"LUAD"
"TCGA.35.3615.01",-9,"LUAD"
"TCGA.35.4122.01",43,"LUAD"
"TCGA.35.4123.01",39,"LUAD"
"TCGA.35.5375.01",35,"LUAD"
"TCGA.38.4625.01",33,"LUAD"
"TCGA.38.4626.01",-23,"LUAD"
"TCGA.38.4627.01",13,"LUAD"
"TCGA.38.4628.01",5,"LUAD"
"TCGA.38.4631.01",31,"LUAD"
"TCGA.38.4632.01",33,"LUAD"
"TCGA.38.6178.01",-5,"LUAD"
"TCGA.38.7271.01",-41,"LUAD"
"TCGA.38.A44F.01",-21,"LUAD"
"TCGA.44.2655.01",-17,"LUAD"
"TCGA.44.2656.01",15,"LUAD"
"TCGA.44.2657.01",-17,"LUAD"
"TCGA.44.2659.01",-15,"LUAD"
"TCGA.44.2662.01",29,"LUAD"
"TCGA.44.2665.01",1,"LUAD"
"TCGA.44.2666.01",-19,"LUAD"
"TCGA.44.2668.01",37,"LUAD"
"TCGA.44.3396.01",23,"LUAD"
"TCGA.44.3398.01",27,"LUAD"
"TCGA.44.3918.01",13,"LUAD"
"TCGA.44.3919.01",9,"LUAD"
"TCGA.44.4112.01",27,"LUAD"
"TCGA.44.5643.01",11,"LUAD"
"TCGA.44.5644.01",5,"LUAD"
"TCGA.44.5645.01",-37,"LUAD"
"TCGA.44.6145.01",-1,"LUAD"
"TCGA.44.6146.01",-29,"LUAD"
"TCGA.44.6148.01",-41,"LUAD"
"TCGA.44.6774.01",-23,"LUAD"
"TCGA.44.6775.01",-7,"LUAD"
"TCGA.44.6776.01",-35,"LUAD"
"TCGA.44.6777.01",1,"LUAD"
"TCGA.44.6778.01",-19,"LUAD"
"TCGA.44.6779.01",9,"LUAD"
"TCGA.44.7659.01",-31,"LUAD"
"TCGA.44.7660.01",23,"LUAD"
"TCGA.44.7661.01",33,"LUAD"
"TCGA.44.7662.01",27,"LUAD"
"TCGA.44.7667.01",25,"LUAD"
"TCGA.44.7669.01",17,"LUAD"
"TCGA.44.7670.01",11,"LUAD"
"TCGA.44.7671.01",-17,"LUAD"
"TCGA.44.7672.01",17,"LUAD"
"TCGA.44.8117.01",-3,"LUAD"
"TCGA.44.8119.01",19,"LUAD"
"TCGA.44.8120.01",-7,"LUAD"
"TCGA.44.A479.01",-19,"LUAD"
"TCGA.44.A47A.01",-11,"LUAD"
"TCGA.44.A47B.01",-19,"LUAD"
"TCGA.44.A47G.01",7,"LUAD"
"TCGA.44.A4SS.01",-13,"LUAD"
"TCGA.44.A4SU.01",-11,"LUAD"
"TCGA.49.4486.01",-3,"LUAD"
"TCGA.49.4487.01",11,"LUAD"
"TCGA.49.4488.01",19,"LUAD"
"TCGA.49.4490.01",-1,"LUAD"
"TCGA.49.4494.01",33,"LUAD"
"TCGA.49.4501.01",5,"LUAD"
"TCGA.49.4505.01",21,"LUAD"
"TCGA.49.4506.01",27,"LUAD"
"TCGA.49.4507.01",31,"LUAD"
"TCGA.49.4510.01",-1,"LUAD"
"TCGA.49.4512.01",-7,"LUAD"
"TCGA.49.4514.01",11,"LUAD"
"TCGA.49.6742.01",1,"LUAD"
"TCGA.49.6743.01",3,"LUAD"
"TCGA.49.6744.01",-19,"LUAD"
"TCGA.49.6745.01",9,"LUAD"
"TCGA.49.6761.01",29,"LUAD"
"TCGA.49.6767.01",33,"LUAD"
"TCGA.49.AAQV.01",31,"LUAD"
"TCGA.49.AAR0.01",13,"LUAD"
"TCGA.49.AAR2.01",5,"LUAD"
"TCGA.49.AAR3.01",5,"LUAD"
"TCGA.49.AAR4.01",3,"LUAD"
"TCGA.49.AAR9.01",29,"LUAD"
"TCGA.49.AARE.01",21,"LUAD"
"TCGA.49.AARN.01",-31,"LUAD"
"TCGA.49.AARO.01",11,"LUAD"
"TCGA.49.AARQ.01",11,"LUAD"
"TCGA.49.AARR.01",-45,"LUAD"
"TCGA.4B.A93V.01",21,"LUAD"
"TCGA.50.5044.01",35,"LUAD"
"TCGA.50.5045.01",25,"LUAD"
"TCGA.50.5049.01",11,"LUAD"
"TCGA.50.5051.01",9,"LUAD"
"TCGA.50.5055.01",-7,"LUAD"
"TCGA.50.5066.01",31,"LUAD"
"TCGA.50.5068.01",5,"LUAD"
"TCGA.50.5072.01",33,"LUAD"
"TCGA.50.5930.01",-9,"LUAD"
"TCGA.50.5931.01",37,"LUAD"
"TCGA.50.5932.01",-27,"LUAD"
"TCGA.50.5933.01",27,"LUAD"
"TCGA.50.5935.01",-27,"LUAD"
"TCGA.50.5936.01",19,"LUAD"
"TCGA.50.5939.01",19,"LUAD"
"TCGA.50.5941.01",11,"LUAD"
"TCGA.50.5942.01",-43,"LUAD"
"TCGA.50.5944.01",-35,"LUAD"
"TCGA.50.5946.01",7,"LUAD"
"TCGA.50.6590.01",29,"LUAD"
"TCGA.50.6591.01",21,"LUAD"
"TCGA.50.6592.01",29,"LUAD"
"TCGA.50.6593.01",9,"LUAD"
"TCGA.50.6594.01",31,"LUAD"
"TCGA.50.6595.01",37,"LUAD"
"TCGA.50.6597.01",-19,"LUAD"
"TCGA.50.6673.01",-5,"LUAD"
"TCGA.50.7109.01",-9,"LUAD"
"TCGA.50.8457.01",-41,"LUAD"
"TCGA.50.8459.01",-13,"LUAD"
"TCGA.50.8460.01",-23,"LUAD"
"TCGA.53.7624.01",23,"LUAD"
"TCGA.53.7626.01",-35,"LUAD"
"TCGA.53.7813.01",11,"LUAD"
"TCGA.53.A4EZ.01",15,"LUAD"
"TCGA.55.1592.01",-5,"LUAD"
"TCGA.55.1594.01",9,"LUAD"
"TCGA.55.1595.01",-13,"LUAD"
"TCGA.55.1596.01",17,"LUAD"
"TCGA.55.5899.01",29,"LUAD"
"TCGA.55.6543.01",-3,"LUAD"
"TCGA.55.6642.01",-9,"LUAD"
"TCGA.55.6712.01",5,"LUAD"
"TCGA.55.6968.01",15,"LUAD"
"TCGA.55.6969.01",41,"LUAD"
"TCGA.55.6970.01",-5,"LUAD"
"TCGA.55.6971.01",-19,"LUAD"
"TCGA.55.6972.01",-9,"LUAD"
"TCGA.55.6975.01",19,"LUAD"
"TCGA.55.6978.01",19,"LUAD"
"TCGA.55.6979.01",11,"LUAD"
"TCGA.55.6980.01",-1,"LUAD"
"TCGA.55.6981.01",11,"LUAD"
"TCGA.55.6982.01",29,"LUAD"
"TCGA.55.6983.01",-27,"LUAD"
"TCGA.55.6984.01",11,"LUAD"
"TCGA.55.6985.01",3,"LUAD"
"TCGA.55.6986.01",-5,"LUAD"
"TCGA.55.6987.01",19,"LUAD"
"TCGA.55.7227.01",-9,"LUAD"
"TCGA.55.7281.01",-15,"LUAD"
"TCGA.55.7283.01",-29,"LUAD"
"TCGA.55.7284.01",-29,"LUAD"
"TCGA.55.7570.01",23,"LUAD"
"TCGA.55.7573.01",-37,"LUAD"
"TCGA.55.7574.01",-21,"LUAD"
"TCGA.55.7576.01",-7,"LUAD"
"TCGA.55.7724.01",9,"LUAD"
"TCGA.55.7725.01",-19,"LUAD"
"TCGA.55.7726.01",23,"LUAD"
"TCGA.55.7727.01",-1,"LUAD"
"TCGA.55.7728.01",-17,"LUAD"
"TCGA.55.7815.01",-3,"LUAD"
"TCGA.55.7816.01",-37,"LUAD"
"TCGA.55.7903.01",19,"LUAD"
"TCGA.55.7907.01",-23,"LUAD"
"TCGA.55.7910.01",3,"LUAD"
"TCGA.55.7911.01",3,"LUAD"
"TCGA.55.7913.01",21,"LUAD"
"TCGA.55.7914.01",-21,"LUAD"
"TCGA.55.7994.01",17,"LUAD"
"TCGA.55.7995.01",7,"LUAD"
"TCGA.55.8085.01",23,"LUAD"
"TCGA.55.8087.01",-35,"LUAD"
"TCGA.55.8089.01",11,"LUAD"
"TCGA.55.8090.01",13,"LUAD"
"TCGA.55.8091.01",-1,"LUAD"
"TCGA.55.8092.01",-9,"LUAD"
"TCGA.55.8094.01",19,"LUAD"
"TCGA.55.8096.01",5,"LUAD"
"TCGA.55.8097.01",-33,"LUAD"
"TCGA.55.8203.01",-7,"LUAD"
"TCGA.55.8204.01",33,"LUAD"
"TCGA.55.8205.01",15,"LUAD"
"TCGA.55.8206.01",-39,"LUAD"
"TCGA.55.8207.01",-31,"LUAD"
"TCGA.55.8208.01",-7,"LUAD"
"TCGA.55.8299.01",3,"LUAD"
"TCGA.55.8301.01",25,"LUAD"
"TCGA.55.8302.01",27,"LUAD"
"TCGA.55.8505.01",31,"LUAD"
"TCGA.55.8506.01",3,"LUAD"
"TCGA.55.8507.01",-1,"LUAD"
"TCGA.55.8508.01",3,"LUAD"
"TCGA.55.8510.01",-19,"LUAD"
"TCGA.55.8511.01",3,"LUAD"
"TCGA.55.8512.01",-41,"LUAD"
"TCGA.55.8513.01",-35,"LUAD"
"TCGA.55.8514.01",-7,"LUAD"
"TCGA.55.8614.01",3,"LUAD"
"TCGA.55.8615.01",-21,"LUAD"
"TCGA.55.8616.01",-5,"LUAD"
"TCGA.55.8619.01",-33,"LUAD"
"TCGA.55.8620.01",29,"LUAD"
"TCGA.55.8621.01",-19,"LUAD"
"TCGA.55.A48X.01",-37,"LUAD"
"TCGA.55.A48Y.01",3,"LUAD"
"TCGA.55.A48Z.01",11,"LUAD"
"TCGA.55.A490.01",5,"LUAD"
"TCGA.55.A491.01",9,"LUAD"
"TCGA.55.A492.01",-15,"LUAD"
"TCGA.55.A493.01",39,"LUAD"
"TCGA.55.A494.01",-1,"LUAD"
"TCGA.55.A4DF.01",29,"LUAD"
"TCGA.55.A4DG.01",-35,"LUAD"
"TCGA.55.A57B.01",-25,"LUAD"
"TCGA.62.8394.01",19,"LUAD"
"TCGA.62.8395.01",-25,"LUAD"
"TCGA.62.8397.01",-11,"LUAD"
"TCGA.62.8398.01",19,"LUAD"
"TCGA.62.8399.01",-9,"LUAD"
"TCGA.62.8402.01",9,"LUAD"
"TCGA.62.A46O.01",11,"LUAD"
"TCGA.62.A46P.01",-9,"LUAD"
"TCGA.62.A46R.01",-15,"LUAD"
"TCGA.62.A46S.01",-31,"LUAD"
"TCGA.62.A46U.01",-1,"LUAD"
"TCGA.62.A46V.01",-5,"LUAD"
"TCGA.62.A46Y.01",1,"LUAD"
"TCGA.62.A470.01",-9,"LUAD"
"TCGA.62.A471.01",39,"LUAD"
"TCGA.62.A472.01",11,"LUAD"
"TCGA.64.1676.01",27,"LUAD"
"TCGA.64.1677.01",35,"LUAD"
"TCGA.64.1678.01",33,"LUAD"
"TCGA.64.1679.01",29,"LUAD"
"TCGA.64.1680.01",-5,"LUAD"
"TCGA.64.1681.01",-5,"LUAD"
"TCGA.64.5774.01",25,"LUAD"
"TCGA.64.5775.01",25,"LUAD"
"TCGA.64.5778.01",9,"LUAD"
"TCGA.64.5779.01",5,"LUAD"
"TCGA.64.5781.01",25,"LUAD"
"TCGA.64.5815.01",23,"LUAD"
"TCGA.67.3770.01",1,"LUAD"
"TCGA.67.3771.01",15,"LUAD"
"TCGA.67.3772.01",9,"LUAD"
"TCGA.67.3773.01",-9,"LUAD"
"TCGA.67.3774.01",-27,"LUAD"
"TCGA.67.4679.01",-37,"LUAD"
"TCGA.67.6215.01",-17,"LUAD"
"TCGA.67.6216.01",-7,"LUAD"
"TCGA.67.6217.01",-23,"LUAD"
"TCGA.69.7760.01",13,"LUAD"
"TCGA.69.7761.01",-13,"LUAD"
"TCGA.69.7763.01",-33,"LUAD"
"TCGA.69.7764.01",-31,"LUAD"
"TCGA.69.7765.01",1,"LUAD"
"TCGA.69.7973.01",-5,"LUAD"
"TCGA.69.7974.01",17,"LUAD"
"TCGA.69.7978.01",3,"LUAD"
"TCGA.69.7979.01",9,"LUAD"
"TCGA.69.7980.01",-17,"LUAD"
"TCGA.69.8253.01",-3,"LUAD"
"TCGA.69.8254.01",-31,"LUAD"
"TCGA.69.8255.01",25,"LUAD"
"TCGA.69.8453.01",-29,"LUAD"
"TCGA.69.A59K.01",21,"LUAD"
"TCGA.71.6725.01",-9,"LUAD"
"TCGA.71.8520.01",5,"LUAD"
"TCGA.73.4658.01",17,"LUAD"
"TCGA.73.4659.01",25,"LUAD"
"TCGA.73.4662.01",-31,"LUAD"
"TCGA.73.4666.01",23,"LUAD"
"TCGA.73.4668.01",23,"LUAD"
"TCGA.73.4670.01",35,"LUAD"
"TCGA.73.4675.01",3,"LUAD"
"TCGA.73.4676.01",37,"LUAD"
"TCGA.73.4677.01",-25,"LUAD"
"TCGA.73.7498.01",-41,"LUAD"
"TCGA.73.7499.01",17,"LUAD"
"TCGA.73.A9RS.01",3,"LUAD"
"TCGA.75.5122.01",5,"LUAD"
"TCGA.75.5125.01",33,"LUAD"
"TCGA.75.5126.01",35,"LUAD"
"TCGA.75.5146.01",-9,"LUAD"
"TCGA.75.5147.01",25,"LUAD"
"TCGA.75.6203.01",-33,"LUAD"
"TCGA.75.6205.01",11,"LUAD"
"TCGA.75.6206.01",-33,"LUAD"
"TCGA.75.6207.01",15,"LUAD"
"TCGA.75.6211.01",11,"LUAD"
"TCGA.75.6212.01",-1,"LUAD"
"TCGA.75.6214.01",17,"LUAD"
"TCGA.75.7025.01",-33,"LUAD"
"TCGA.75.7027.01",23,"LUAD"
"TCGA.75.7030.01",-19,"LUAD"
"TCGA.75.7031.01",11,"LUAD"
"TCGA.78.7143.01",-5,"LUAD"
"TCGA.78.7145.01",23,"LUAD"
"TCGA.78.7146.01",31,"LUAD"
"TCGA.78.7147.01",9,"LUAD"
"TCGA.78.7148.01",13,"LUAD"
"TCGA.78.7149.01",-31,"LUAD"
"TCGA.78.7150.01",23,"LUAD"
"TCGA.78.7152.01",-25,"LUAD"
"TCGA.78.7153.01",-15,"LUAD"
"TCGA.78.7154.01",25,"LUAD"
"TCGA.78.7155.01",9,"LUAD"
"TCGA.78.7156.01",-35,"LUAD"
"TCGA.78.7158.01",-21,"LUAD"
"TCGA.78.7159.01",11,"LUAD"
"TCGA.78.7160.01",-19,"LUAD"
"TCGA.78.7161.01",-21,"LUAD"
"TCGA.78.7162.01",-37,"LUAD"
"TCGA.78.7163.01",-5,"LUAD"
"TCGA.78.7166.01",25,"LUAD"
"TCGA.78.7167.01",-31,"LUAD"
"TCGA.78.7220.01",-1,"LUAD"
"TCGA.78.7535.01",-3,"LUAD"
"TCGA.78.7536.01",19,"LUAD"
"TCGA.78.7537.01",-35,"LUAD"
"TCGA.78.7539.01",-35,"LUAD"
"TCGA.78.7540.01",-17,"LUAD"
"TCGA.78.7542.01",39,"LUAD"
"TCGA.78.7633.01",-41,"LUAD"
"TCGA.78.8640.01",31,"LUAD"
"TCGA.78.8648.01",-25,"LUAD"
"TCGA.78.8655.01",-35,"LUAD"
"TCGA.78.8660.01",25,"LUAD"
"TCGA.78.8662.01",19,"LUAD"
"TCGA.80.5607.01",13,"LUAD"
"TCGA.80.5608.01",21,"LUAD"
"TCGA.80.5611.01",31,"LUAD"
"TCGA.83.5908.01",15,"LUAD"
"TCGA.86.6562.01",-1,"LUAD"
"TCGA.86.6851.01",-21,"LUAD"
"TCGA.86.7701.01",9,"LUAD"
"TCGA.86.7711.01",19,"LUAD"
"TCGA.86.7713.01",-7,"LUAD"
"TCGA.86.7714.01",-27,"LUAD"
"TCGA.86.7953.01",-1,"LUAD"
"TCGA.86.7954.01",-11,"LUAD"
"TCGA.86.7955.01",23,"LUAD"
"TCGA.86.8054.01",29,"LUAD"
"TCGA.86.8055.01",17,"LUAD"
"TCGA.86.8056.01",-35,"LUAD"
"TCGA.86.8073.01",-13,"LUAD"
"TCGA.86.8074.01",19,"LUAD"
"TCGA.86.8075.01",15,"LUAD"
"TCGA.86.8076.01",-25,"LUAD"
"TCGA.86.8278.01",-11,"LUAD"
"TCGA.86.8279.01",7,"LUAD"
"TCGA.86.8280.01",-11,"LUAD"
"TCGA.86.8281.01",-33,"LUAD"
"TCGA.86.8358.01",21,"LUAD"
"TCGA.86.8359.01",-5,"LUAD"
"TCGA.86.8585.01",27,"LUAD"
"TCGA.86.8668.01",-31,"LUAD"
"TCGA.86.8669.01",-15,"LUAD"
"TCGA.86.8671.01",-33,"LUAD"
"TCGA.86.8672.01",25,"LUAD"
"TCGA.86.8673.01",31,"LUAD"
"TCGA.86.8674.01",-15,"LUAD"
"TCGA.86.A456.01",-27,"LUAD"
"TCGA.86.A4D0.01",19,"LUAD"
"TCGA.86.A4JF.01",23,"LUAD"
"TCGA.86.A4P7.01",-31,"LUAD"
"TCGA.86.A4P8.01",-37,"LUAD"
"TCGA.91.6828.01",-21,"LUAD"
"TCGA.91.6829.01",-11,"LUAD"
"TCGA.91.6830.01",-1,"LUAD"
"TCGA.91.6831.01",25,"LUAD"
"TCGA.91.6835.01",-33,"LUAD"
"TCGA.91.6836.01",21,"LUAD"
"TCGA.91.6840.01",-13,"LUAD"
"TCGA.91.6847.01",21,"LUAD"
"TCGA.91.6848.01",15,"LUAD"
"TCGA.91.6849.01",-37,"LUAD"
"TCGA.91.7771.01",-19,"LUAD"
"TCGA.91.8496.01",-5,"LUAD"
"TCGA.91.8497.01",-45,"LUAD"
"TCGA.91.8499.01",23,"LUAD"
"TCGA.91.A4BC.01",-3,"LUAD"
"TCGA.91.A4BD.01",-9,"LUAD"
"TCGA.93.7347.01",-27,"LUAD"
"TCGA.93.7348.01",-31,"LUAD"
"TCGA.93.8067.01",23,"LUAD"
"TCGA.93.A4JN.01",-19,"LUAD"
"TCGA.93.A4JO.01",-15,"LUAD"
"TCGA.93.A4JP.01",-29,"LUAD"
"TCGA.93.A4JQ.01",1,"LUAD"
"TCGA.95.7039.01",11,"LUAD"
"TCGA.95.7043.01",-3,"LUAD"
"TCGA.95.7562.01",35,"LUAD"
"TCGA.95.7567.01",1,"LUAD"
"TCGA.95.7944.01",17,"LUAD"
"TCGA.95.7947.01",-7,"LUAD"
"TCGA.95.7948.01",-21,"LUAD"
"TCGA.95.8039.01",-19,"LUAD"
"TCGA.95.8494.01",35,"LUAD"
"TCGA.95.A4VK.01",-23,"LUAD"
"TCGA.95.A4VN.01",27,"LUAD"
"TCGA.95.A4VP.01",-3,"LUAD"
"TCGA.97.7546.01",-37,"LUAD"
"TCGA.97.7547.01",-39,"LUAD"
"TCGA.97.7552.01",-37,"LUAD"
"TCGA.97.7553.01",-33,"LUAD"
"TCGA.97.7554.01",-17,"LUAD"
"TCGA.97.7937.01",5,"LUAD"
"TCGA.97.7938.01",-37,"LUAD"
"TCGA.97.7941.01",-39,"LUAD"
"TCGA.97.8171.01",-11,"LUAD"
"TCGA.97.8172.01",-43,"LUAD"
"TCGA.97.8174.01",-39,"LUAD"
"TCGA.97.8175.01",27,"LUAD"
"TCGA.97.8176.01",21,"LUAD"
"TCGA.97.8177.01",15,"LUAD"
"TCGA.97.8179.01",-15,"LUAD"
"TCGA.97.8547.01",3,"LUAD"
"TCGA.97.8552.01",-35,"LUAD"
"TCGA.97.A4LX.01",-3,"LUAD"
"TCGA.97.A4M0.01",-25,"LUAD"
"TCGA.97.A4M1.01",-37,"LUAD"
"TCGA.97.A4M2.01",-35,"LUAD"
"TCGA.97.A4M3.01",-23,"LUAD"
"TCGA.97.A4M5.01",-41,"LUAD"
"TCGA.97.A4M6.01",-29,"LUAD"
"TCGA.97.A4M7.01",-33,"LUAD"
"TCGA.99.7458.01",-25,"LUAD"
"TCGA.99.8025.01",1,"LUAD"
"TCGA.99.8028.01",7,"LUAD"
"TCGA.99.8032.01",17,"LUAD"
"TCGA.99.8033.01",31,"LUAD"
"TCGA.99.AA5R.01",-35,"LUAD"
"TCGA.J2.8192.01",-7,"LUAD"
"TCGA.J2.8194.01",-15,"LUAD"
"TCGA.J2.A4AD.01",9,"LUAD"
"TCGA.J2.A4AE.01",-19,"LUAD"
"TCGA.J2.A4AG.01",-29,"LUAD"
"TCGA.L4.A4E5.01",17,"LUAD"
"TCGA.L4.A4E6.01",-37,"LUAD"
"TCGA.L9.A443.01",-19,"LUAD"
"TCGA.L9.A444.01",-17,"LUAD"
"TCGA.L9.A50W.01",-21,"LUAD"
"TCGA.L9.A5IP.01",27,"LUAD"
"TCGA.L9.A743.01",1,"LUAD"
"TCGA.L9.A7SV.01",-15,"LUAD"
"TCGA.L9.A8F4.01",9,"LUAD"
"TCGA.MN.A4N1.01",15,"LUAD"
"TCGA.MN.A4N4.01",9,"LUAD"
"TCGA.MN.A4N5.01",3,"LUAD"
"TCGA.MP.A4SV.01",13,"LUAD"
"TCGA.MP.A4SW.01",1,"LUAD"
"TCGA.MP.A4SY.01",29,"LUAD"
"TCGA.MP.A4T4.01",1,"LUAD"
"TCGA.MP.A4T6.01",-25,"LUAD"
"TCGA.MP.A4T7.01",-1,"LUAD"
"TCGA.MP.A4T8.01",19,"LUAD"
"TCGA.MP.A4T9.01",3,"LUAD"
"TCGA.MP.A4TA.01",21,"LUAD"
"TCGA.MP.A4TC.01",27,"LUAD"
"TCGA.MP.A4TD.01",-21,"LUAD"
"TCGA.MP.A4TE.01",1,"LUAD"
"TCGA.MP.A4TF.01",29,"LUAD"
"TCGA.MP.A4TH.01",-37,"LUAD"
"TCGA.MP.A4TI.01",29,"LUAD"
"TCGA.MP.A4TJ.01",-29,"LUAD"
"TCGA.MP.A4TK.01",17,"LUAD"
"TCGA.MP.A5C7.01",-37,"LUAD"
"TCGA.NJ.A4YF.01",21,"LUAD"
"TCGA.NJ.A4YG.01",-29,"LUAD"
"TCGA.NJ.A4YI.01",-33,"LUAD"
"TCGA.NJ.A4YP.01",-3,"LUAD"
"TCGA.NJ.A4YQ.01",-7,"LUAD"
"TCGA.NJ.A55A.01",-45,"LUAD"
"TCGA.NJ.A55O.01",-27,"LUAD"
"TCGA.NJ.A55R.01",-11,"LUAD"
"TCGA.NJ.A7XG.01",-21,"LUAD"
"TCGA.O1.A52J.01",-23,"LUAD"
"TCGA.S2.AA1A.01",-31,"LUAD"
"TCGA.18.3406.01",39,"LUSC"
"TCGA.18.3407.01",29,"LUSC"
"TCGA.18.3408.01",17,"LUSC"
"TCGA.18.3410.01",25,"LUSC"
"TCGA.18.3411.01",39,"LUSC"
"TCGA.18.3412.01",41,"LUSC"
"TCGA.18.3414.01",39,"LUSC"
"TCGA.18.3415.01",43,"LUSC"
"TCGA.18.3416.01",37,"LUSC"
"TCGA.18.3417.01",41,"LUSC"
"TCGA.18.3419.01",25,"LUSC"
"TCGA.18.3421.01",45,"LUSC"
"TCGA.18.4083.01",37,"LUSC"
"TCGA.18.4086.01",43,"LUSC"
"TCGA.18.4721.01",21,"LUSC"
"TCGA.18.5592.01",25,"LUSC"
"TCGA.21.1071.01",31,"LUSC"
"TCGA.21.1072.01",37,"LUSC"
"TCGA.21.1075.01",41,"LUSC"
"TCGA.21.1076.01",23,"LUSC"
"TCGA.21.1079.01",43,"LUSC"
"TCGA.21.1080.01",25,"LUSC"
"TCGA.21.1081.01",23,"LUSC"
"TCGA.21.1082.01",21,"LUSC"
"TCGA.21.5782.01",43,"LUSC"
"TCGA.21.5783.01",43,"LUSC"
"TCGA.21.5784.01",17,"LUSC"
"TCGA.21.5786.01",33,"LUSC"
"TCGA.21.5787.01",29,"LUSC"
"TCGA.22.0940.01",31,"LUSC"
"TCGA.22.0944.01",47,"LUSC"
"TCGA.22.1000.01",11,"LUSC"
"TCGA.22.1002.01",17,"LUSC"
"TCGA.22.1005.01",-5,"LUSC"
"TCGA.22.1011.01",35,"LUSC"
"TCGA.22.1012.01",47,"LUSC"
"TCGA.22.1016.01",11,"LUSC"
"TCGA.22.1017.01",39,"LUSC"
"TCGA.22.4591.01",37,"LUSC"
"TCGA.22.4593.01",37,"LUSC"
"TCGA.22.4594.01",7,"LUSC"
"TCGA.22.4595.01",35,"LUSC"
"TCGA.22.4596.01",25,"LUSC"
"TCGA.22.4599.01",37,"LUSC"
"TCGA.22.4601.01",23,"LUSC"
"TCGA.22.4604.01",29,"LUSC"
"TCGA.22.4605.01",23,"LUSC"
"TCGA.22.4607.01",37,"LUSC"
"TCGA.22.4609.01",11,"LUSC"
"TCGA.22.4613.01",37,"LUSC"
"TCGA.22.5471.01",37,"LUSC"
"TCGA.22.5472.01",3,"LUSC"
"TCGA.22.5473.01",43,"LUSC"
"TCGA.22.5474.01",29,"LUSC"
"TCGA.22.5477.01",17,"LUSC"
"TCGA.22.5478.01",39,"LUSC"
"TCGA.22.5479.01",35,"LUSC"
"TCGA.22.5480.01",11,"LUSC"
"TCGA.22.5481.01",23,"LUSC"
"TCGA.22.5482.01",47,"LUSC"
"TCGA.22.5483.01",39,"LUSC"
"TCGA.22.5485.01",33,"LUSC"
"TCGA.22.5489.01",19,"LUSC"
"TCGA.22.5491.01",31,"LUSC"
"TCGA.22.5492.01",19,"LUSC"
"TCGA.22.A5C4.01",35,"LUSC"
"TCGA.33.4532.01",45,"LUSC"
"TCGA.33.4533.01",31,"LUSC"
"TCGA.33.4538.01",31,"LUSC"
"TCGA.33.4547.01",29,"LUSC"
"TCGA.33.4566.01",25,"LUSC"
"TCGA.33.4582.01",43,"LUSC"
"TCGA.33.4583.01",37,"LUSC"
"TCGA.33.4586.01",33,"LUSC"
"TCGA.33.4587.01",35,"LUSC"
"TCGA.33.4589.01",39,"LUSC"
"TCGA.33.6738.01",21,"LUSC"
"TCGA.33.A4WN.01",27,"LUSC"
"TCGA.33.A5GW.01",27,"LUSC"
"TCGA.33.AAS8.01",35,"LUSC"
"TCGA.33.AASB.01",43,"LUSC"
"TCGA.33.AASD.01",41,"LUSC"
"TCGA.33.AASI.01",11,"LUSC"
"TCGA.33.AASJ.01",35,"LUSC"
"TCGA.33.AASL.01",33,"LUSC"
"TCGA.34.2596.01",21,"LUSC"
"TCGA.34.2600.01",-5,"LUSC"
"TCGA.34.2608.01",9,"LUSC"
"TCGA.34.5231.01",25,"LUSC"
"TCGA.34.5232.01",33,"LUSC"
"TCGA.34.5234.01",17,"LUSC"
"TCGA.34.5236.01",39,"LUSC"
"TCGA.34.5239.01",3,"LUSC"
"TCGA.34.5240.01",37,"LUSC"
"TCGA.34.5241.01",41,"LUSC"
"TCGA.34.5927.01",21,"LUSC"
"TCGA.34.5928.01",39,"LUSC"
"TCGA.34.5929.01",29,"LUSC"
"TCGA.34.7107.01",11,"LUSC"
"TCGA.34.8454.01",21,"LUSC"
"TCGA.34.8455.01",27,"LUSC"
"TCGA.34.8456.01",19,"LUSC"
"TCGA.34.A5IX.01",39,"LUSC"
"TCGA.37.3783.01",45,"LUSC"
"TCGA.37.3789.01",43,"LUSC"
"TCGA.37.3792.01",27,"LUSC"
"TCGA.37.4129.01",-19,"LUSC"
"TCGA.37.4130.01",19,"LUSC"
"TCGA.37.4132.01",37,"LUSC"
"TCGA.37.4133.01",35,"LUSC"
"TCGA.37.4135.01",37,"LUSC"
"TCGA.37.4141.01",31,"LUSC"
"TCGA.37.5819.01",27,"LUSC"
"TCGA.37.A5EL.01",25,"LUSC"
"TCGA.37.A5EN.01",9,"LUSC"
"TCGA.39.5011.01",21,"LUSC"
"TCGA.39.5016.01",9,"LUSC"
"TCGA.39.5019.01",41,"LUSC"
"TCGA.39.5021.01",35,"LUSC"
"TCGA.39.5022.01",37,"LUSC"
"TCGA.39.5024.01",43,"LUSC"
"TCGA.39.5027.01",39,"LUSC"
"TCGA.39.5028.01",33,"LUSC"
"TCGA.39.5029.01",43,"LUSC"
"TCGA.39.5030.01",7,"LUSC"
"TCGA.39.5031.01",39,"LUSC"
"TCGA.39.5034.01",19,"LUSC"
"TCGA.39.5035.01",39,"LUSC"
"TCGA.39.5036.01",39,"LUSC"
"TCGA.39.5037.01",41,"LUSC"
"TCGA.39.5039.01",39,"LUSC"
"TCGA.39.5040.01",7,"LUSC"
"TCGA.43.2576.01",21,"LUSC"
"TCGA.43.2578.01",39,"LUSC"
"TCGA.43.2581.01",17,"LUSC"
"TCGA.43.3394.01",47,"LUSC"
"TCGA.43.3920.01",33,"LUSC"
"TCGA.43.5668.01",3,"LUSC"
"TCGA.43.5670.01",41,"LUSC"
"TCGA.43.6143.01",15,"LUSC"
"TCGA.43.6647.01",23,"LUSC"
"TCGA.43.6770.01",35,"LUSC"
"TCGA.43.6771.01",41,"LUSC"
"TCGA.43.6773.01",5,"LUSC"
"TCGA.43.7656.01",19,"LUSC"
"TCGA.43.7657.01",31,"LUSC"
"TCGA.43.7658.01",7,"LUSC"
"TCGA.43.8115.01",21,"LUSC"
"TCGA.43.8116.01",13,"LUSC"
"TCGA.43.8118.01",25,"LUSC"
"TCGA.43.A474.01",39,"LUSC"
"TCGA.43.A475.01",1,"LUSC"
"TCGA.43.A56U.01",9,"LUSC"
"TCGA.43.A56V.01",37,"LUSC"
"TCGA.46.3765.01",41,"LUSC"
"TCGA.46.3766.01",3,"LUSC"
"TCGA.46.3767.01",21,"LUSC"
"TCGA.46.3768.01",23,"LUSC"
"TCGA.46.3769.01",21,"LUSC"
"TCGA.46.6025.01",37,"LUSC"
"TCGA.46.6026.01",21,"LUSC"
"TCGA.51.4079.01",45,"LUSC"
"TCGA.51.4080.01",9,"LUSC"
"TCGA.51.4081.01",17,"LUSC"
"TCGA.52.7622.01",11,"LUSC"
"TCGA.52.7809.01",-1,"LUSC"
"TCGA.52.7810.01",41,"LUSC"
"TCGA.52.7811.01",37,"LUSC"
"TCGA.52.7812.01",37,"LUSC"
"TCGA.56.1622.01",21,"LUSC"
"TCGA.56.5897.01",31,"LUSC"
"TCGA.56.5898.01",21,"LUSC"
"TCGA.56.6545.01",29,"LUSC"
"TCGA.56.6546.01",29,"LUSC"
"TCGA.56.7221.01",27,"LUSC"
"TCGA.56.7222.01",43,"LUSC"
"TCGA.56.7223.01",27,"LUSC"
"TCGA.56.7579.01",15,"LUSC"
"TCGA.56.7580.01",35,"LUSC"
"TCGA.56.7582.01",23,"LUSC"
"TCGA.56.7730.01",15,"LUSC"
"TCGA.56.7731.01",27,"LUSC"
"TCGA.56.7822.01",15,"LUSC"
"TCGA.56.7823.01",23,"LUSC"
"TCGA.56.8082.01",17,"LUSC"
"TCGA.56.8083.01",-3,"LUSC"
"TCGA.56.8201.01",25,"LUSC"
"TCGA.56.8304.01",47,"LUSC"
"TCGA.56.8305.01",43,"LUSC"
"TCGA.56.8307.01",-5,"LUSC"
"TCGA.56.8308.01",15,"LUSC"
"TCGA.56.8309.01",9,"LUSC"
"TCGA.56.8503.01",25,"LUSC"
"TCGA.56.8504.01",39,"LUSC"
"TCGA.56.8622.01",21,"LUSC"
"TCGA.56.8623.01",-31,"LUSC"
"TCGA.56.8624.01",-5,"LUSC"
"TCGA.56.8625.01",19,"LUSC"
"TCGA.56.8626.01",19,"LUSC"
"TCGA.56.8628.01",1,"LUSC"
"TCGA.56.8629.01",21,"LUSC"
"TCGA.56.A49D.01",27,"LUSC"
"TCGA.56.A4BW.01",17,"LUSC"
"TCGA.56.A4BX.01",15,"LUSC"
"TCGA.56.A4BY.01",23,"LUSC"
"TCGA.56.A4ZJ.01",1,"LUSC"
"TCGA.56.A4ZK.01",25,"LUSC"
"TCGA.56.A5DR.01",27,"LUSC"
"TCGA.56.A5DS.01",11,"LUSC"
"TCGA.56.A62T.01",31,"LUSC"
"TCGA.58.8386.01",23,"LUSC"
"TCGA.58.8387.01",43,"LUSC"
"TCGA.58.8388.01",-1,"LUSC"
"TCGA.58.8390.01",11,"LUSC"
"TCGA.58.8391.01",31,"LUSC"
"TCGA.58.8392.01",23,"LUSC"
"TCGA.58.8393.01",15,"LUSC"
"TCGA.58.A46J.01",43,"LUSC"
"TCGA.58.A46K.01",21,"LUSC"
"TCGA.58.A46L.01",23,"LUSC"
"TCGA.58.A46M.01",13,"LUSC"
"TCGA.58.A46N.01",35,"LUSC"
"TCGA.60.2695.01",23,"LUSC"
"TCGA.60.2697.01",7,"LUSC"
"TCGA.60.2698.01",41,"LUSC"
"TCGA.60.2703.01",29,"LUSC"
"TCGA.60.2704.01",9,"LUSC"
"TCGA.60.2706.01",23,"LUSC"
"TCGA.60.2707.01",29,"LUSC"
"TCGA.60.2708.01",43,"LUSC"
"TCGA.60.2709.01",13,"LUSC"
"TCGA.60.2710.01",23,"LUSC"
"TCGA.60.2711.01",35,"LUSC"
"TCGA.60.2713.01",39,"LUSC"
"TCGA.60.2714.01",35,"LUSC"
"TCGA.60.2716.01",3,"LUSC"
"TCGA.60.2719.01",35,"LUSC"
"TCGA.60.2720.01",39,"LUSC"
"TCGA.60.2721.01",3,"LUSC"
"TCGA.60.2722.01",37,"LUSC"
"TCGA.60.2723.01",49,"LUSC"
"TCGA.60.2724.01",45,"LUSC"
"TCGA.60.2725.01",25,"LUSC"
"TCGA.60.2726.01",23,"LUSC"
"TCGA.63.5128.01",33,"LUSC"
"TCGA.63.5131.01",33,"LUSC"
"TCGA.63.6202.01",37,"LUSC"
"TCGA.63.7020.01",33,"LUSC"
"TCGA.63.7021.01",31,"LUSC"
"TCGA.63.7022.01",11,"LUSC"
"TCGA.63.7023.01",25,"LUSC"
"TCGA.63.A5M9.01",23,"LUSC"
"TCGA.63.A5MB.01",21,"LUSC"
"TCGA.63.A5MG.01",27,"LUSC"
"TCGA.63.A5MH.01",31,"LUSC"
"TCGA.63.A5MI.01",35,"LUSC"
"TCGA.63.A5MJ.01",31,"LUSC"
"TCGA.63.A5ML.01",15,"LUSC"
"TCGA.63.A5MM.01",43,"LUSC"
"TCGA.63.A5MN.01",17,"LUSC"
"TCGA.63.A5MP.01",17,"LUSC"
"TCGA.63.A5MR.01",39,"LUSC"
"TCGA.63.A5MS.01",9,"LUSC"
"TCGA.63.A5MT.01",23,"LUSC"
"TCGA.63.A5MU.01",31,"LUSC"
"TCGA.63.A5MV.01",7,"LUSC"
"TCGA.63.A5MW.01",15,"LUSC"
"TCGA.63.A5MY.01",37,"LUSC"
"TCGA.66.2727.01",25,"LUSC"
"TCGA.66.2734.01",47,"LUSC"
"TCGA.66.2737.01",41,"LUSC"
"TCGA.66.2742.01",35,"LUSC"
"TCGA.66.2744.01",39,"LUSC"
"TCGA.66.2753.01",39,"LUSC"
"TCGA.66.2754.01",25,"LUSC"
"TCGA.66.2755.01",37,"LUSC"
"TCGA.66.2756.01",27,"LUSC"
"TCGA.66.2757.01",23,"LUSC"
"TCGA.66.2758.01",35,"LUSC"
"TCGA.66.2759.01",43,"LUSC"
"TCGA.66.2763.01",37,"LUSC"
"TCGA.66.2765.01",49,"LUSC"
"TCGA.66.2766.01",39,"LUSC"
"TCGA.66.2767.01",25,"LUSC"
"TCGA.66.2768.01",47,"LUSC"
"TCGA.66.2769.01",41,"LUSC"
"TCGA.66.2770.01",19,"LUSC"
"TCGA.66.2771.01",37,"LUSC"
"TCGA.66.2773.01",31,"LUSC"
"TCGA.66.2777.01",29,"LUSC"
"TCGA.66.2778.01",45,"LUSC"
"TCGA.66.2780.01",49,"LUSC"
"TCGA.66.2781.01",41,"LUSC"
"TCGA.66.2782.01",35,"LUSC"
"TCGA.66.2783.01",33,"LUSC"
"TCGA.66.2785.01",35,"LUSC"
"TCGA.66.2786.01",39,"LUSC"
"TCGA.66.2787.01",15,"LUSC"
"TCGA.66.2788.01",43,"LUSC"
"TCGA.66.2789.01",33,"LUSC"
"TCGA.66.2790.01",43,"LUSC"
"TCGA.66.2791.01",35,"LUSC"
"TCGA.66.2792.01",35,"LUSC"
"TCGA.66.2793.01",17,"LUSC"
"TCGA.66.2794.01",29,"LUSC"
"TCGA.66.2795.01",35,"LUSC"
"TCGA.66.2800.01",45,"LUSC"
"TCGA.68.7755.01",27,"LUSC"
"TCGA.68.7756.01",41,"LUSC"
"TCGA.68.7757.01",-1,"LUSC"
"TCGA.68.8250.01",31,"LUSC"
"TCGA.68.8251.01",37,"LUSC"
"TCGA.68.A59I.01",25,"LUSC"
"TCGA.68.A59J.01",39,"LUSC"
"TCGA.6A.AB49.01",49,"LUSC"
"TCGA.70.6722.01",27,"LUSC"
"TCGA.70.6723.01",29,"LUSC"
"TCGA.77.6842.01",23,"LUSC"
"TCGA.77.6843.01",1,"LUSC"
"TCGA.77.6844.01",21,"LUSC"
"TCGA.77.6845.01",29,"LUSC"
"TCGA.77.7138.01",31,"LUSC"
"TCGA.77.7139.01",21,"LUSC"
"TCGA.77.7140.01",45,"LUSC"
"TCGA.77.7141.01",15,"LUSC"
"TCGA.77.7142.01",15,"LUSC"
"TCGA.77.7335.01",15,"LUSC"
"TCGA.77.7337.01",31,"LUSC"
"TCGA.77.7338.01",15,"LUSC"
"TCGA.77.7463.01",47,"LUSC"
"TCGA.77.7465.01",21,"LUSC"
"TCGA.77.8007.01",37,"LUSC"
"TCGA.77.8008.01",19,"LUSC"
"TCGA.77.8009.01",31,"LUSC"
"TCGA.77.8128.01",27,"LUSC"
"TCGA.77.8130.01",37,"LUSC"
"TCGA.77.8131.01",45,"LUSC"
"TCGA.77.8133.01",5,"LUSC"
"TCGA.77.8136.01",35,"LUSC"
"TCGA.77.8138.01",35,"LUSC"
"TCGA.77.8139.01",19,"LUSC"
"TCGA.77.8140.01",9,"LUSC"
"TCGA.77.8143.01",37,"LUSC"
"TCGA.77.8144.01",43,"LUSC"
"TCGA.77.8145.01",33,"LUSC"
"TCGA.77.8148.01",41,"LUSC"
"TCGA.77.8150.01",15,"LUSC"
"TCGA.77.8153.01",39,"LUSC"
"TCGA.77.8154.01",37,"LUSC"
"TCGA.77.8156.01",29,"LUSC"
"TCGA.77.A5FZ.01",-23,"LUSC"
"TCGA.77.A5G1.01",39,"LUSC"
"TCGA.77.A5G3.01",27,"LUSC"
"TCGA.77.A5G6.01",27,"LUSC"
"TCGA.77.A5G7.01",37,"LUSC"
"TCGA.77.A5G8.01",35,"LUSC"
"TCGA.77.A5GB.01",43,"LUSC"
"TCGA.77.A5GF.01",25,"LUSC"
"TCGA.77.A5GH.01",11,"LUSC"
"TCGA.79.5596.01",27,"LUSC"
"TCGA.85.6175.01",1,"LUSC"
"TCGA.85.6560.01",29,"LUSC"
"TCGA.85.6561.01",23,"LUSC"
"TCGA.85.6798.01",41,"LUSC"
"TCGA.85.7696.01",17,"LUSC"
"TCGA.85.7697.01",31,"LUSC"
"TCGA.85.7698.01",31,"LUSC"
"TCGA.85.7699.01",19,"LUSC"
"TCGA.85.7710.01",29,"LUSC"
"TCGA.85.7843.01",35,"LUSC"
"TCGA.85.7844.01",33,"LUSC"
"TCGA.85.7950.01",25,"LUSC"
"TCGA.85.8048.01",7,"LUSC"
"TCGA.85.8049.01",3,"LUSC"
"TCGA.85.8052.01",33,"LUSC"
"TCGA.85.8070.01",15,"LUSC"
"TCGA.85.8071.01",17,"LUSC"
"TCGA.85.8072.01",15,"LUSC"
"TCGA.85.8276.01",35,"LUSC"
"TCGA.85.8277.01",27,"LUSC"
"TCGA.85.8287.01",13,"LUSC"
"TCGA.85.8288.01",21,"LUSC"
"TCGA.85.8350.01",29,"LUSC"
"TCGA.85.8351.01",29,"LUSC"
"TCGA.85.8352.01",29,"LUSC"
"TCGA.85.8353.01",27,"LUSC"
"TCGA.85.8354.01",41,"LUSC"
"TCGA.85.8355.01",-5,"LUSC"
"TCGA.85.8479.01",39,"LUSC"
"TCGA.85.8481.01",41,"LUSC"
"TCGA.85.8580.01",35,"LUSC"
"TCGA.85.8582.01",35,"LUSC"
"TCGA.85.8584.01",29,"LUSC"
"TCGA.85.8664.01",29,"LUSC"
"TCGA.85.8666.01",45,"LUSC"
"TCGA.85.A4CL.01",9,"LUSC"
"TCGA.85.A4CN.01",37,"LUSC"
"TCGA.85.A4JB.01",45,"LUSC"
"TCGA.85.A4JC.01",41,"LUSC"
"TCGA.85.A4PA.01",-23,"LUSC"
"TCGA.85.A4QQ.01",43,"LUSC"
"TCGA.85.A4QR.01",39,"LUSC"
"TCGA.85.A50M.01",15,"LUSC"
"TCGA.85.A50Z.01",35,"LUSC"
"TCGA.85.A510.01",23,"LUSC"
"TCGA.85.A511.01",31,"LUSC"
"TCGA.85.A512.01",29,"LUSC"
"TCGA.85.A513.01",-5,"LUSC"
"TCGA.85.A53L.01",43,"LUSC"
"TCGA.85.A5B5.01",13,"LUSC"
"TCGA.90.6837.01",29,"LUSC"
"TCGA.90.7766.01",13,"LUSC"
"TCGA.90.7767.01",19,"LUSC"
"TCGA.90.7769.01",35,"LUSC"
"TCGA.90.7964.01",21,"LUSC"
"TCGA.90.A4ED.01",-15,"LUSC"
"TCGA.90.A4EE.01",19,"LUSC"
"TCGA.90.A59Q.01",7,"LUSC"
"TCGA.92.7340.01",27,"LUSC"
"TCGA.92.7341.01",33,"LUSC"
"TCGA.92.8063.01",39,"LUSC"
"TCGA.92.8064.01",21,"LUSC"
"TCGA.92.8065.01",9,"LUSC"
"TCGA.94.7033.01",41,"LUSC"
"TCGA.94.7557.01",39,"LUSC"
"TCGA.94.7943.01",13,"LUSC"
"TCGA.94.8035.01",35,"LUSC"
"TCGA.94.8490.01",13,"LUSC"
"TCGA.94.8491.01",15,"LUSC"
"TCGA.94.A4VJ.01",23,"LUSC"
"TCGA.94.A5I4.01",33,"LUSC"
"TCGA.94.A5I6.01",41,"LUSC"
"TCGA.96.7544.01",19,"LUSC"
"TCGA.96.7545.01",25,"LUSC"
"TCGA.96.8169.01",19,"LUSC"
"TCGA.96.8170.01",19,"LUSC"
"TCGA.96.A4JL.01",-13,"LUSC"
"TCGA.98.7454.01",9,"LUSC"
"TCGA.98.8020.01",33,"LUSC"
"TCGA.98.8021.01",11,"LUSC"
"TCGA.98.8022.01",-5,"LUSC"
"TCGA.98.8023.01",11,"LUSC"
"TCGA.98.A538.01",31,"LUSC"
"TCGA.98.A539.01",37,"LUSC"
"TCGA.98.A53A.01",23,"LUSC"
"TCGA.98.A53B.01",11,"LUSC"
"TCGA.98.A53C.01",-27,"LUSC"
"TCGA.98.A53D.01",-13,"LUSC"
"TCGA.98.A53H.01",-27,"LUSC"
"TCGA.98.A53I.01",1,"LUSC"
"TCGA.98.A53J.01",29,"LUSC"
"TCGA.J1.A4AH.01",23,"LUSC"
"TCGA.L3.A4E7.01",33,"LUSC"
"TCGA.L3.A524.01",33,"LUSC"
"TCGA.LA.A446.01",27,"LUSC"
"TCGA.LA.A7SW.01",29,"LUSC"
"TCGA.MF.A522.01",37,"LUSC"
"TCGA.NC.A5HD.01",39,"LUSC"
"TCGA.NC.A5HE.01",27,"LUSC"
"TCGA.NC.A5HF.01",45,"LUSC"
"TCGA.NC.A5HG.01",43,"LUSC"
"TCGA.NC.A5HH.01",35,"LUSC"
"TCGA.NC.A5HI.01",31,"LUSC"
"TCGA.NC.A5HJ.01",17,"LUSC"
"TCGA.NC.A5HK.01",33,"LUSC"
"TCGA.NC.A5HL.01",33,"LUSC"
"TCGA.NC.A5HM.01",47,"LUSC"
"TCGA.NC.A5HN.01",45,"LUSC"
"TCGA.NC.A5HO.01",15,"LUSC"
"TCGA.NC.A5HP.01",23,"LUSC"
"TCGA.NC.A5HQ.01",29,"LUSC"
"TCGA.NC.A5HR.01",25,"LUSC"
"TCGA.NC.A5HT.01",27,"LUSC"
"TCGA.NK.A5CR.01",31,"LUSC"
"TCGA.NK.A5CT.01",43,"LUSC"
"TCGA.NK.A5CX.01",41,"LUSC"
"TCGA.NK.A7XE.01",31,"LUSC"
"TCGA.O2.A52N.01",41,"LUSC"
"TCGA.O2.A52Q.01",45,"LUSC"
"TCGA.O2.A52S.01",19,"LUSC"
"TCGA.O2.A52V.01",43,"LUSC"
"TCGA.O2.A52W.01",37,"LUSC"
"TCGA.O2.A5IB.01",19,"LUSC"
"TCGA.XC.AA0X.01",5,"LUSC"
"TCGA.04.1348.01",27,"OV"
"TCGA.04.1357.01",-13,"OV"
"TCGA.04.1362.01",-3,"OV"
"TCGA.04.1364.01",5,"OV"
"TCGA.04.1365.01",27,"OV"
"TCGA.04.1514.01",-5,"OV"
"TCGA.04.1519.01",1,"OV"
"TCGA.09.0364.01",-3,"OV"
"TCGA.09.0366.01",5,"OV"
"TCGA.09.0367.01",15,"OV"
"TCGA.09.0369.01",15,"OV"
"TCGA.09.1659.01",31,"OV"
"TCGA.09.1662.01",1,"OV"
"TCGA.09.1666.01",9,"OV"
"TCGA.09.1667.01",27,"OV"
"TCGA.09.1668.01",1,"OV"
"TCGA.09.1669.01",21,"OV"
"TCGA.09.1670.01",-3,"OV"
"TCGA.09.1673.01",13,"OV"
"TCGA.09.1674.01",5,"OV"
"TCGA.09.2044.01",21,"OV"
"TCGA.09.2045.01",-25,"OV"
"TCGA.09.2051.01",21,"OV"
"TCGA.09.2054.01",19,"OV"
"TCGA.10.0928.01",11,"OV"
"TCGA.10.0936.01",1,"OV"
"TCGA.13.0730.01",25,"OV"
"TCGA.13.0799.01",33,"OV"
"TCGA.13.0800.01",-5,"OV"
"TCGA.13.0801.01",31,"OV"
"TCGA.13.0890.01",31,"OV"
"TCGA.13.0893.01",13,"OV"
"TCGA.13.0897.01",25,"OV"
"TCGA.13.0899.01",21,"OV"
"TCGA.13.0913.01",15,"OV"
"TCGA.13.0916.01",17,"OV"
"TCGA.13.0920.01",15,"OV"
"TCGA.13.0924.01",35,"OV"
"TCGA.13.1403.01",31,"OV"
"TCGA.13.1405.01",27,"OV"
"TCGA.13.1410.01",5,"OV"
"TCGA.13.1411.01",11,"OV"
"TCGA.13.1481.01",23,"OV"
"TCGA.13.1497.01",13,"OV"
"TCGA.13.1498.01",17,"OV"
"TCGA.13.1505.01",-1,"OV"
"TCGA.13.1506.01",35,"OV"
"TCGA.13.1507.01",25,"OV"
"TCGA.13.1511.01",25,"OV"
"TCGA.13.1512.01",17,"OV"
"TCGA.13.2060.01",11,"OV"
"TCGA.13.A5FT.01",5,"OV"
"TCGA.20.1682.01",23,"OV"
"TCGA.20.1683.01",21,"OV"
"TCGA.20.1684.01",7,"OV"
"TCGA.20.1685.01",11,"OV"
"TCGA.20.1687.01",-5,"OV"
"TCGA.23.1023.01",25,"OV"
"TCGA.23.1026.01",25,"OV"
"TCGA.23.1027.01",27,"OV"
"TCGA.23.1029.01",17,"OV"
"TCGA.23.1109.01",-3,"OV"
"TCGA.23.1111.01",3,"OV"
"TCGA.23.1114.01",-13,"OV"
"TCGA.23.1120.01",-9,"OV"
"TCGA.23.1122.01",25,"OV"
"TCGA.23.1123.01",-5,"OV"
"TCGA.23.1809.01",21,"OV"
"TCGA.23.2077.01",-3,"OV"
"TCGA.23.2078.01",27,"OV"
"TCGA.23.2081.01",5,"OV"
"TCGA.23.2084.01",23,"OV"
"TCGA.24.0975.01",31,"OV"
"TCGA.24.1103.01",15,"OV"
"TCGA.24.1413.01",9,"OV"
"TCGA.24.1416.01",15,"OV"
"TCGA.24.1417.01",13,"OV"
"TCGA.24.1418.01",19,"OV"
"TCGA.24.1419.01",5,"OV"
"TCGA.24.1423.01",9,"OV"
"TCGA.24.1424.01",5,"OV"
"TCGA.24.1425.01",1,"OV"
"TCGA.24.1427.01",5,"OV"
"TCGA.24.1428.01",35,"OV"
"TCGA.24.1430.01",-1,"OV"
"TCGA.24.1434.01",21,"OV"
"TCGA.24.1435.01",9,"OV"
"TCGA.24.1436.01",17,"OV"
"TCGA.24.1463.01",15,"OV"
"TCGA.24.1467.01",-15,"OV"
"TCGA.24.1469.01",13,"OV"
"TCGA.24.1474.01",-3,"OV"
"TCGA.24.1544.01",1,"OV"
"TCGA.24.1545.01",-7,"OV"
"TCGA.24.1546.01",17,"OV"
"TCGA.24.1548.01",7,"OV"
"TCGA.24.1549.01",13,"OV"
"TCGA.24.1550.01",33,"OV"
"TCGA.24.1551.01",13,"OV"
"TCGA.24.1552.01",15,"OV"
"TCGA.24.1553.01",-19,"OV"
"TCGA.24.1555.01",7,"OV"
"TCGA.24.1556.01",9,"OV"
"TCGA.24.1557.01",17,"OV"
"TCGA.24.1558.01",9,"OV"
"TCGA.24.1560.01",25,"OV"
"TCGA.24.1562.01",9,"OV"
"TCGA.24.1563.01",29,"OV"
"TCGA.24.1564.01",-7,"OV"
"TCGA.24.1567.01",11,"OV"
"TCGA.24.1603.01",31,"OV"
"TCGA.24.1604.01",-7,"OV"
"TCGA.24.1616.01",21,"OV"
"TCGA.24.1842.01",37,"OV"
"TCGA.24.1843.01",21,"OV"
"TCGA.24.1844.01",11,"OV"
"TCGA.24.1846.01",-1,"OV"
"TCGA.24.1847.01",23,"OV"
"TCGA.24.1849.01",5,"OV"
"TCGA.24.1850.01",33,"OV"
"TCGA.24.1924.01",25,"OV"
"TCGA.24.1928.01",3,"OV"
"TCGA.24.1930.01",1,"OV"
"TCGA.24.2019.01",21,"OV"
"TCGA.24.2020.01",19,"OV"
"TCGA.24.2023.01",25,"OV"
"TCGA.24.2024.01",-5,"OV"
"TCGA.24.2026.01",7,"OV"
"TCGA.24.2027.01",7,"OV"
"TCGA.24.2033.01",21,"OV"
"TCGA.24.2035.01",-13,"OV"
"TCGA.24.2038.01",-29,"OV"
"TCGA.24.2254.01",-9,"OV"
"TCGA.24.2261.01",5,"OV"
"TCGA.24.2262.01",25,"OV"
"TCGA.24.2267.01",5,"OV"
"TCGA.24.2271.01",-15,"OV"
"TCGA.24.2281.01",19,"OV"
"TCGA.24.2288.01",23,"OV"
"TCGA.24.2289.01",9,"OV"
"TCGA.24.2290.01",19,"OV"
"TCGA.24.2293.01",-5,"OV"
"TCGA.24.2297.01",17,"OV"
"TCGA.24.2298.01",19,"OV"
"TCGA.25.1312.01",5,"OV"
"TCGA.25.1313.01",-15,"OV"
"TCGA.25.1314.01",11,"OV"
"TCGA.25.1315.01",31,"OV"
"TCGA.25.1316.01",-11,"OV"
"TCGA.25.1317.01",-1,"OV"
"TCGA.25.1318.01",11,"OV"
"TCGA.25.1319.01",7,"OV"
"TCGA.25.1320.01",19,"OV"
"TCGA.25.1321.01",5,"OV"
"TCGA.25.1322.01",11,"OV"
"TCGA.25.1323.01",17,"OV"
"TCGA.25.1324.01",-9,"OV"
"TCGA.25.1326.01",15,"OV"
"TCGA.25.1328.01",-15,"OV"
"TCGA.25.1329.01",15,"OV"
"TCGA.25.1623.01",25,"OV"
"TCGA.25.1625.01",-9,"OV"
"TCGA.25.1626.01",-3,"OV"
"TCGA.25.1627.01",9,"OV"
"TCGA.25.1628.01",-1,"OV"
"TCGA.25.1630.01",17,"OV"
"TCGA.25.1631.01",17,"OV"
"TCGA.25.1632.01",-9,"OV"
"TCGA.25.1633.01",-1,"OV"
"TCGA.25.1634.01",-11,"OV"
"TCGA.25.1635.01",3,"OV"
"TCGA.25.1870.01",-25,"OV"
"TCGA.25.1871.01",3,"OV"
"TCGA.25.2042.01",-5,"OV"
"TCGA.25.2391.01",27,"OV"
"TCGA.25.2392.01",13,"OV"
"TCGA.25.2393.01",21,"OV"
"TCGA.25.2396.01",1,"OV"
"TCGA.25.2397.01",23,"OV"
"TCGA.25.2398.01",15,"OV"
"TCGA.25.2399.01",17,"OV"
"TCGA.25.2400.01",5,"OV"
"TCGA.25.2401.01",13,"OV"
"TCGA.25.2404.01",25,"OV"
"TCGA.25.2409.01",9,"OV"
"TCGA.29.1688.01",29,"OV"
"TCGA.29.1690.01",3,"OV"
"TCGA.29.1691.01",7,"OV"
"TCGA.29.1693.01",15,"OV"
"TCGA.29.1694.01",9,"OV"
"TCGA.29.1695.01",-5,"OV"
"TCGA.29.1696.01",15,"OV"
"TCGA.29.1697.01",29,"OV"
"TCGA.29.1698.01",27,"OV"
"TCGA.29.1699.01",13,"OV"
"TCGA.29.1701.01",19,"OV"
"TCGA.29.1702.01",11,"OV"
"TCGA.29.1703.01",13,"OV"
"TCGA.29.1705.01",21,"OV"
"TCGA.29.1710.01",-13,"OV"
"TCGA.29.1711.01",1,"OV"
"TCGA.29.1761.01",35,"OV"
"TCGA.29.1762.01",25,"OV"
"TCGA.29.1763.01",-9,"OV"
"TCGA.29.1770.01",29,"OV"
"TCGA.29.1776.01",-7,"OV"
"TCGA.29.1778.01",-9,"OV"
"TCGA.29.1781.01",31,"OV"
"TCGA.29.1783.01",7,"OV"
"TCGA.29.1784.01",29,"OV"
"TCGA.29.1785.01",15,"OV"
"TCGA.29.2425.01",-7,"OV"
"TCGA.29.2427.01",5,"OV"
"TCGA.29.2428.01",27,"OV"
"TCGA.29.A5NZ.01",-9,"OV"
"TCGA.30.1718.01",15,"OV"
"TCGA.30.1855.01",19,"OV"
"TCGA.30.1857.01",13,"OV"
"TCGA.30.1860.01",27,"OV"
"TCGA.30.1861.01",19,"OV"
"TCGA.30.1862.01",1,"OV"
"TCGA.30.1891.01",27,"OV"
"TCGA.31.1944.01",19,"OV"
"TCGA.31.1946.01",15,"OV"
"TCGA.31.1951.01",13,"OV"
"TCGA.31.1953.01",13,"OV"
"TCGA.31.1956.01",25,"OV"
"TCGA.31.1959.01",17,"OV"
"TCGA.36.1568.01",-7,"OV"
"TCGA.36.1569.01",-23,"OV"
"TCGA.36.1570.01",7,"OV"
"TCGA.36.1571.01",11,"OV"
"TCGA.36.1574.01",25,"OV"
"TCGA.36.1575.01",1,"OV"
"TCGA.36.1576.01",11,"OV"
"TCGA.36.1577.01",37,"OV"
"TCGA.36.1578.01",-7,"OV"
"TCGA.36.1580.01",11,"OV"
"TCGA.36.1581.01",1,"OV"
"TCGA.3P.A9WA.01",-1,"OV"
"TCGA.57.1582.01",19,"OV"
"TCGA.57.1583.01",19,"OV"
"TCGA.57.1584.01",-11,"OV"
"TCGA.57.1585.01",13,"OV"
"TCGA.57.1993.01",5,"OV"
"TCGA.57.1994.01",-9,"OV"
"TCGA.59.2348.01",15,"OV"
"TCGA.59.2350.01",19,"OV"
"TCGA.59.2351.01",13,"OV"
"TCGA.59.2352.01",-3,"OV"
"TCGA.59.2354.01",7,"OV"
"TCGA.59.2355.01",9,"OV"
"TCGA.59.2363.01",21,"OV"
"TCGA.59.A5PD.01",23,"OV"
"TCGA.5X.AA5U.01",-23,"OV"
"TCGA.61.1721.01",-33,"OV"
"TCGA.61.1724.01",21,"OV"
"TCGA.61.1725.01",27,"OV"
"TCGA.61.1728.01",19,"OV"
"TCGA.61.1733.01",9,"OV"
"TCGA.61.1736.01",9,"OV"
"TCGA.61.1737.01",31,"OV"
"TCGA.61.1738.01",19,"OV"
"TCGA.61.1740.01",11,"OV"
"TCGA.61.1741.01",-9,"OV"
"TCGA.61.1743.01",7,"OV"
"TCGA.61.1900.01",-3,"OV"
"TCGA.61.1907.01",17,"OV"
"TCGA.61.1910.01",-7,"OV"
"TCGA.61.1914.01",23,"OV"
"TCGA.61.1917.01",27,"OV"
"TCGA.61.1918.01",-7,"OV"
"TCGA.61.1919.01",19,"OV"
"TCGA.61.1995.01",11,"OV"
"TCGA.61.1998.01",29,"OV"
"TCGA.61.2000.01",23,"OV"
"TCGA.61.2002.01",15,"OV"
"TCGA.61.2003.01",-9,"OV"
"TCGA.61.2008.01",19,"OV"
"TCGA.61.2009.01",9,"OV"
"TCGA.61.2012.01",37,"OV"
"TCGA.61.2016.01",11,"OV"
"TCGA.61.2088.01",-21,"OV"
"TCGA.61.2092.01",25,"OV"
"TCGA.61.2094.01",1,"OV"
"TCGA.61.2095.01",-7,"OV"
"TCGA.61.2097.01",1,"OV"
"TCGA.61.2098.01",-1,"OV"
"TCGA.61.2101.01",15,"OV"
"TCGA.61.2102.01",1,"OV"
"TCGA.61.2104.01",-13,"OV"
"TCGA.61.2109.01",17,"OV"
"TCGA.61.2110.01",19,"OV"
"TCGA.61.2111.01",-19,"OV"
"TCGA.61.2113.01",23,"OV"
"TCGA.OY.A56P.01",-13,"OV"
"TCGA.OY.A56Q.01",-23,"OV"
"TCGA.VG.A8LO.01",7,"OV"
"TCGA.WR.A838.01",5,"OV"
"TCGA.2J.AAB1.01",-25,"PAAD"
"TCGA.2J.AAB4.01",1,"PAAD"
"TCGA.2J.AAB6.01",23,"PAAD"
"TCGA.2J.AAB8.01",-23,"PAAD"
"TCGA.2J.AAB9.01",-27,"PAAD"
"TCGA.2J.AABA.01",-31,"PAAD"
"TCGA.2J.AABE.01",-27,"PAAD"
"TCGA.2J.AABF.01",-19,"PAAD"
"TCGA.2J.AABH.01",-15,"PAAD"
"TCGA.2J.AABI.01",13,"PAAD"
"TCGA.2J.AABK.01",-15,"PAAD"
"TCGA.2J.AABO.01",-5,"PAAD"
"TCGA.2J.AABP.01",27,"PAAD"
"TCGA.2J.AABR.01",-25,"PAAD"
"TCGA.2J.AABT.01",-35,"PAAD"
"TCGA.2J.AABU.01",17,"PAAD"
"TCGA.2J.AABV.01",-9,"PAAD"
"TCGA.2L.AAQA.01",7,"PAAD"
"TCGA.2L.AAQE.01",-5,"PAAD"
"TCGA.2L.AAQI.01",7,"PAAD"
"TCGA.2L.AAQJ.01",-3,"PAAD"
"TCGA.2L.AAQL.01",1,"PAAD"
"TCGA.2L.AAQM.01",1,"PAAD"
"TCGA.3A.A9I5.01",5,"PAAD"
"TCGA.3A.A9I7.01",-23,"PAAD"
"TCGA.3A.A9I9.01",-15,"PAAD"
"TCGA.3A.A9IB.01",29,"PAAD"
"TCGA.3A.A9IC.01",13,"PAAD"
"TCGA.3A.A9IH.01",23,"PAAD"
"TCGA.3A.A9IJ.01",-13,"PAAD"
"TCGA.3A.A9IL.01",-43,"PAAD"
"TCGA.3A.A9IN.01",-29,"PAAD"
"TCGA.3A.A9IO.01",-31,"PAAD"
"TCGA.3A.A9IR.01",-33,"PAAD"
"TCGA.3A.A9IS.01",-39,"PAAD"
"TCGA.3A.A9IU.01",-5,"PAAD"
"TCGA.3A.A9IV.01",-15,"PAAD"
"TCGA.3A.A9IX.01",-41,"PAAD"
"TCGA.3A.A9IZ.01",19,"PAAD"
"TCGA.3A.A9J0.01",21,"PAAD"
"TCGA.3E.AAAY.01",-19,"PAAD"
"TCGA.3E.AAAZ.01",-29,"PAAD"
"TCGA.F2.6879.01",19,"PAAD"
"TCGA.F2.6880.01",-27,"PAAD"
"TCGA.F2.7273.01",-29,"PAAD"
"TCGA.F2.7276.01",-27,"PAAD"
"TCGA.F2.A44G.01",23,"PAAD"
"TCGA.F2.A44H.01",-31,"PAAD"
"TCGA.F2.A7TX.01",15,"PAAD"
"TCGA.F2.A8YN.01",-17,"PAAD"
"TCGA.FB.A4P5.01",-23,"PAAD"
"TCGA.FB.A4P6.01",-41,"PAAD"
"TCGA.FB.A545.01",17,"PAAD"
"TCGA.FB.A5VM.01",23,"PAAD"
"TCGA.FB.A78T.01",-21,"PAAD"
"TCGA.FB.A7DR.01",-25,"PAAD"
"TCGA.FB.AAPP.01",1,"PAAD"
"TCGA.FB.AAPQ.01",7,"PAAD"
"TCGA.FB.AAPS.01",-15,"PAAD"
"TCGA.FB.AAPU.01",11,"PAAD"
"TCGA.FB.AAPY.01",-7,"PAAD"
"TCGA.FB.AAPZ.01",1,"PAAD"
"TCGA.FB.AAQ0.01",5,"PAAD"
"TCGA.FB.AAQ1.01",25,"PAAD"
"TCGA.FB.AAQ2.01",29,"PAAD"
"TCGA.FB.AAQ3.01",7,"PAAD"
"TCGA.FB.AAQ6.01",-3,"PAAD"
"TCGA.H6.8124.01",17,"PAAD"
"TCGA.H6.A45N.01",-29,"PAAD"
"TCGA.H8.A6C1.01",-31,"PAAD"
"TCGA.HV.A5A3.01",5,"PAAD"
"TCGA.HV.A5A4.01",-21,"PAAD"
"TCGA.HV.A5A5.01",-27,"PAAD"
"TCGA.HV.A5A6.01",-1,"PAAD"
"TCGA.HV.A7OL.01",23,"PAAD"
"TCGA.HV.A7OP.01",-7,"PAAD"
"TCGA.HV.AA8V.01",-25,"PAAD"
"TCGA.HV.AA8X.01",9,"PAAD"
"TCGA.HZ.7289.01",23,"PAAD"
"TCGA.HZ.7918.01",-23,"PAAD"
"TCGA.HZ.7919.01",1,"PAAD"
"TCGA.HZ.7920.01",-29,"PAAD"
"TCGA.HZ.7922.01",-3,"PAAD"
"TCGA.HZ.7923.01",-39,"PAAD"
"TCGA.HZ.7924.01",-27,"PAAD"
"TCGA.HZ.7925.01",-7,"PAAD"
"TCGA.HZ.7926.01",-13,"PAAD"
"TCGA.HZ.8001.01",9,"PAAD"
"TCGA.HZ.8002.01",-37,"PAAD"
"TCGA.HZ.8003.01",-35,"PAAD"
"TCGA.HZ.8005.01",27,"PAAD"
"TCGA.HZ.8315.01",-23,"PAAD"
"TCGA.HZ.8317.01",-13,"PAAD"
"TCGA.HZ.8519.01",-39,"PAAD"
"TCGA.HZ.8636.01",-11,"PAAD"
"TCGA.HZ.8637.01",-23,"PAAD"
"TCGA.HZ.8638.01",-21,"PAAD"
"TCGA.HZ.A49G.01",-25,"PAAD"
"TCGA.HZ.A49H.01",-25,"PAAD"
"TCGA.HZ.A49I.01",-23,"PAAD"
"TCGA.HZ.A4BH.01",-19,"PAAD"
"TCGA.HZ.A4BK.01",-29,"PAAD"
"TCGA.HZ.A77O.01",19,"PAAD"
"TCGA.HZ.A77P.01",-27,"PAAD"
"TCGA.HZ.A77Q.01",-5,"PAAD"
"TCGA.HZ.A8P0.01",-13,"PAAD"
"TCGA.HZ.A8P1.01",-17,"PAAD"
"TCGA.HZ.A9TJ.01",-21,"PAAD"
"TCGA.IB.7644.01",-21,"PAAD"
"TCGA.IB.7645.01",-15,"PAAD"
"TCGA.IB.7646.01",25,"PAAD"
"TCGA.IB.7647.01",15,"PAAD"
"TCGA.IB.7649.01",-29,"PAAD"
"TCGA.IB.7651.01",-15,"PAAD"
"TCGA.IB.7652.01",-21,"PAAD"
"TCGA.IB.7885.01",21,"PAAD"
"TCGA.IB.7886.01",-9,"PAAD"
"TCGA.IB.7887.01",5,"PAAD"
"TCGA.IB.7888.01",-19,"PAAD"
"TCGA.IB.7889.01",-9,"PAAD"
"TCGA.IB.7890.01",1,"PAAD"
"TCGA.IB.7891.01",-35,"PAAD"
"TCGA.IB.7893.01",17,"PAAD"
"TCGA.IB.7897.01",-31,"PAAD"
"TCGA.IB.8126.01",-33,"PAAD"
"TCGA.IB.8127.01",-3,"PAAD"
"TCGA.IB.A5SO.01",-19,"PAAD"
"TCGA.IB.A5SP.01",-7,"PAAD"
"TCGA.IB.A5SQ.01",-7,"PAAD"
"TCGA.IB.A5SS.01",21,"PAAD"
"TCGA.IB.A5ST.01",-25,"PAAD"
"TCGA.IB.A6UF.01",15,"PAAD"
"TCGA.IB.A6UG.01",-15,"PAAD"
"TCGA.IB.A7LX.01",9,"PAAD"
"TCGA.IB.A7M4.01",15,"PAAD"
"TCGA.IB.AAUM.01",-41,"PAAD"
"TCGA.IB.AAUN.01",5,"PAAD"
"TCGA.IB.AAUO.01",17,"PAAD"
"TCGA.IB.AAUP.01",-33,"PAAD"
"TCGA.IB.AAUQ.01",11,"PAAD"
"TCGA.IB.AAUR.01",-35,"PAAD"
"TCGA.IB.AAUS.01",-19,"PAAD"
"TCGA.IB.AAUT.01",-27,"PAAD"
"TCGA.IB.AAUU.01",5,"PAAD"
"TCGA.IB.AAUV.01",-21,"PAAD"
"TCGA.IB.AAUW.01",-37,"PAAD"
"TCGA.L1.A7W4.01",31,"PAAD"
"TCGA.LB.A7SX.01",-9,"PAAD"
"TCGA.LB.A8F3.01",-13,"PAAD"
"TCGA.LB.A9Q5.01",-25,"PAAD"
"TCGA.M8.A5N4.01",-1,"PAAD"
"TCGA.OE.A75W.01",13,"PAAD"
"TCGA.PZ.A5RE.01",9,"PAAD"
"TCGA.Q3.A5QY.01",-27,"PAAD"
"TCGA.Q3.AA2A.01",-9,"PAAD"
"TCGA.RB.A7B8.01",-11,"PAAD"
"TCGA.RB.AA9M.01",-25,"PAAD"
"TCGA.RL.AAAS.01",-21,"PAAD"
"TCGA.S4.A8RM.01",-27,"PAAD"
"TCGA.S4.A8RO.01",31,"PAAD"
"TCGA.S4.A8RP.01",-25,"PAAD"
"TCGA.US.A774.01",-27,"PAAD"
"TCGA.US.A776.01",7,"PAAD"
"TCGA.US.A779.01",-9,"PAAD"
"TCGA.US.A77E.01",-11,"PAAD"
"TCGA.US.A77G.01",-23,"PAAD"
"TCGA.US.A77J.01",-17,"PAAD"
"TCGA.XD.AAUG.01",-23,"PAAD"
"TCGA.XD.AAUH.01",-35,"PAAD"
"TCGA.XD.AAUI.01",15,"PAAD"
"TCGA.XD.AAUL.01",-19,"PAAD"
"TCGA.XN.A8T3.01",-1,"PAAD"
"TCGA.XN.A8T5.01",-27,"PAAD"
"TCGA.YB.A89D.01",-7,"PAAD"
"TCGA.YH.A8SY.01",29,"PAAD"
"TCGA.YY.A8LH.01",15,"PAAD"
"TCGA.Z5.AAPL.01",-25,"PAAD"
"TCGA.P7.A5NX.01",-19,"PCPG"
"TCGA.P7.A5NY.01",-19,"PCPG"
"TCGA.P8.A5KC.01",-21,"PCPG"
"TCGA.P8.A5KD.01",-33,"PCPG"
"TCGA.P8.A6RX.01",13,"PCPG"
"TCGA.P8.A6RY.01",-23,"PCPG"
"TCGA.PR.A5PF.01",-19,"PCPG"
"TCGA.PR.A5PG.01",-23,"PCPG"
"TCGA.PR.A5PH.01",-21,"PCPG"
"TCGA.QR.A6GO.01",-15,"PCPG"
"TCGA.QR.A6GR.01",-9,"PCPG"
"TCGA.QR.A6GS.01",-33,"PCPG"
"TCGA.QR.A6GT.01",-1,"PCPG"
"TCGA.QR.A6GU.01",-13,"PCPG"
"TCGA.QR.A6GW.01",-11,"PCPG"
"TCGA.QR.A6GX.01",-17,"PCPG"
"TCGA.QR.A6GY.01",-13,"PCPG"
"TCGA.QR.A6GZ.01",13,"PCPG"
"TCGA.QR.A6H0.01",-13,"PCPG"
"TCGA.QR.A6H1.01",-5,"PCPG"
"TCGA.QR.A6H2.01",-7,"PCPG"
"TCGA.QR.A6H3.01",-3,"PCPG"
"TCGA.QR.A6H4.01",-15,"PCPG"
"TCGA.QR.A6H5.01",3,"PCPG"
"TCGA.QR.A6H6.01",-27,"PCPG"
"TCGA.QR.A6ZZ.01",13,"PCPG"
"TCGA.QR.A700.01",-9,"PCPG"
"TCGA.QR.A702.01",-13,"PCPG"
"TCGA.QR.A703.01",9,"PCPG"
"TCGA.QR.A705.01",-9,"PCPG"
"TCGA.QR.A706.01",-1,"PCPG"
"TCGA.QR.A707.01",-15,"PCPG"
"TCGA.QR.A708.01",-31,"PCPG"
"TCGA.QR.A70A.01",-21,"PCPG"
"TCGA.QR.A70C.01",-21,"PCPG"
"TCGA.QR.A70D.01",-19,"PCPG"
"TCGA.QR.A70E.01",-11,"PCPG"
"TCGA.QR.A70G.01",-21,"PCPG"
"TCGA.QR.A70H.01",-19,"PCPG"
"TCGA.QR.A70I.01",-9,"PCPG"
"TCGA.QR.A70J.01",9,"PCPG"
"TCGA.QR.A70K.01",-15,"PCPG"
"TCGA.QR.A70M.01",-11,"PCPG"
"TCGA.QR.A70N.01",5,"PCPG"
"TCGA.QR.A70O.01",-27,"PCPG"
"TCGA.QR.A70P.01",-17,"PCPG"
"TCGA.QR.A70Q.01",-15,"PCPG"
"TCGA.QR.A70R.01",-27,"PCPG"
"TCGA.QR.A70T.01",-21,"PCPG"
"TCGA.QR.A70U.01",-15,"PCPG"
"TCGA.QR.A70V.01",-29,"PCPG"
"TCGA.QR.A70W.01",-23,"PCPG"
"TCGA.QR.A70X.01",-23,"PCPG"
"TCGA.QR.A7IN.01",-17,"PCPG"
"TCGA.QR.A7IP.01",-19,"PCPG"
"TCGA.QT.A5XJ.01",-17,"PCPG"
"TCGA.QT.A5XK.01",-21,"PCPG"
"TCGA.QT.A5XL.01",-19,"PCPG"
"TCGA.QT.A5XM.01",-17,"PCPG"
"TCGA.QT.A5XN.01",-11,"PCPG"
"TCGA.QT.A5XO.01",-25,"PCPG"
"TCGA.QT.A5XP.01",-5,"PCPG"
"TCGA.QT.A69Q.01",-27,"PCPG"
"TCGA.QT.A7U0.01",-17,"PCPG"
"TCGA.RM.A68T.01",-15,"PCPG"
"TCGA.RM.A68W.01",1,"PCPG"
"TCGA.RT.A6Y9.01",-11,"PCPG"
"TCGA.RT.A6YA.01",-19,"PCPG"
"TCGA.RT.A6YC.01",-19,"PCPG"
"TCGA.RW.A67V.01",-37,"PCPG"
"TCGA.RW.A67W.01",-19,"PCPG"
"TCGA.RW.A67X.01",13,"PCPG"
"TCGA.RW.A67Y.01",-25,"PCPG"
"TCGA.RW.A680.01",1,"PCPG"
"TCGA.RW.A681.01",-15,"PCPG"
"TCGA.RW.A684.01",-15,"PCPG"
"TCGA.RW.A685.01",-25,"PCPG"
"TCGA.RW.A686.01",-25,"PCPG"
"TCGA.RW.A688.01",-23,"PCPG"
"TCGA.RW.A689.01",-7,"PCPG"
"TCGA.RW.A68A.01",-15,"PCPG"
"TCGA.RW.A68B.01",-27,"PCPG"
"TCGA.RW.A68C.01",11,"PCPG"
"TCGA.RW.A68D.01",-29,"PCPG"
"TCGA.RW.A68F.01",-3,"PCPG"
"TCGA.RW.A68G.01",-25,"PCPG"
"TCGA.RW.A7CZ.01",-7,"PCPG"
"TCGA.RW.A7D0.01",-11,"PCPG"
"TCGA.RW.A8AZ.01",-7,"PCPG"
"TCGA.RX.A8JQ.01",-27,"PCPG"
"TCGA.S7.A7WL.01",-1,"PCPG"
"TCGA.S7.A7WM.01",-13,"PCPG"
"TCGA.S7.A7WN.01",-13,"PCPG"
"TCGA.S7.A7WO.01",-17,"PCPG"
"TCGA.S7.A7WP.01",1,"PCPG"
"TCGA.S7.A7WQ.01",7,"PCPG"
"TCGA.S7.A7WR.01",-17,"PCPG"
"TCGA.S7.A7WT.01",-25,"PCPG"
"TCGA.S7.A7WU.01",-29,"PCPG"
"TCGA.S7.A7WV.01",-5,"PCPG"
"TCGA.S7.A7WW.01",-17,"PCPG"
"TCGA.S7.A7WX.01",-17,"PCPG"
"TCGA.S7.A7X0.01",-13,"PCPG"
"TCGA.S7.A7X1.01",15,"PCPG"
"TCGA.S7.A7X2.01",-7,"PCPG"
"TCGA.SA.A6C2.01",-27,"PCPG"
"TCGA.SP.A6QC.01",-5,"PCPG"
"TCGA.SP.A6QD.01",-7,"PCPG"
"TCGA.SP.A6QF.01",-11,"PCPG"
"TCGA.SP.A6QG.01",-25,"PCPG"
"TCGA.SP.A6QH.01",-15,"PCPG"
"TCGA.SP.A6QI.01",-21,"PCPG"
"TCGA.SP.A6QJ.01",-25,"PCPG"
"TCGA.SP.A6QK.01",-21,"PCPG"
"TCGA.SQ.A6I4.01",-5,"PCPG"
"TCGA.SQ.A6I6.01",-25,"PCPG"
"TCGA.SR.A6MP.01",-13,"PCPG"
"TCGA.SR.A6MQ.01",-33,"PCPG"
"TCGA.SR.A6MR.01",-9,"PCPG"
"TCGA.SR.A6MS.01",-11,"PCPG"
"TCGA.SR.A6MT.01",-17,"PCPG"
"TCGA.SR.A6MU.01",-11,"PCPG"
"TCGA.SR.A6MV.01",-17,"PCPG"
"TCGA.SR.A6MX.01",5,"PCPG"
"TCGA.SR.A6MY.01",-15,"PCPG"
"TCGA.SR.A6MZ.01",-21,"PCPG"
"TCGA.SR.A6N0.01",-21,"PCPG"
"TCGA.TT.A6YJ.01",-27,"PCPG"
"TCGA.TT.A6YK.01",-11,"PCPG"
"TCGA.TT.A6YN.01",-25,"PCPG"
"TCGA.TT.A6YO.01",-15,"PCPG"
"TCGA.TT.A6YP.01",7,"PCPG"
"TCGA.W2.A7H5.01",-25,"PCPG"
"TCGA.W2.A7H7.01",3,"PCPG"
"TCGA.W2.A7HA.01",-17,"PCPG"
"TCGA.W2.A7HB.01",-31,"PCPG"
"TCGA.W2.A7HC.01",-19,"PCPG"
"TCGA.W2.A7HD.01",-27,"PCPG"
"TCGA.W2.A7HE.01",-27,"PCPG"
"TCGA.W2.A7HF.01",-29,"PCPG"
"TCGA.W2.A7HH.01",-29,"PCPG"
"TCGA.W2.A7UY.01",9,"PCPG"
"TCGA.WB.A80K.01",-27,"PCPG"
"TCGA.WB.A80L.01",-23,"PCPG"
"TCGA.WB.A80M.01",-17,"PCPG"
"TCGA.WB.A80N.01",-29,"PCPG"
"TCGA.WB.A80O.01",-29,"PCPG"
"TCGA.WB.A80P.01",-15,"PCPG"
"TCGA.WB.A80Q.01",-27,"PCPG"
"TCGA.WB.A80V.01",-25,"PCPG"
"TCGA.WB.A80Y.01",-33,"PCPG"
"TCGA.WB.A814.01",5,"PCPG"
"TCGA.WB.A815.01",-3,"PCPG"
"TCGA.WB.A816.01",-19,"PCPG"
"TCGA.WB.A817.01",-15,"PCPG"
"TCGA.WB.A818.01",-17,"PCPG"
"TCGA.WB.A819.01",-15,"PCPG"
"TCGA.WB.A81A.01",-29,"PCPG"
"TCGA.WB.A81D.01",-31,"PCPG"
"TCGA.WB.A81E.01",-7,"PCPG"
"TCGA.WB.A81F.01",-1,"PCPG"
"TCGA.WB.A81G.01",-19,"PCPG"
"TCGA.WB.A81H.01",-27,"PCPG"
"TCGA.WB.A81I.01",-11,"PCPG"
"TCGA.WB.A81J.01",-21,"PCPG"
"TCGA.WB.A81K.01",-17,"PCPG"
"TCGA.WB.A81M.01",-31,"PCPG"
"TCGA.WB.A81N.01",-17,"PCPG"
"TCGA.WB.A81P.01",-21,"PCPG"
"TCGA.WB.A81Q.01",-25,"PCPG"
"TCGA.WB.A81R.01",-25,"PCPG"
"TCGA.WB.A81S.01",-31,"PCPG"
"TCGA.WB.A81T.01",-23,"PCPG"
"TCGA.WB.A81V.01",-13,"PCPG"
"TCGA.WB.A81W.01",-25,"PCPG"
"TCGA.WB.A821.01",-7,"PCPG"
"TCGA.WB.A822.01",-1,"PCPG"
"TCGA.XG.A823.01",-1,"PCPG"
"TCGA.2A.A8VL.01",-27,"PRAD"
"TCGA.2A.A8VO.01",-29,"PRAD"
"TCGA.2A.A8VT.01",-39,"PRAD"
"TCGA.2A.A8VV.01",-25,"PRAD"
"TCGA.2A.A8W1.01",-13,"PRAD"
"TCGA.2A.A8W3.01",-25,"PRAD"
"TCGA.CH.5737.01",-23,"PRAD"
"TCGA.CH.5738.01",-35,"PRAD"
"TCGA.CH.5739.01",-33,"PRAD"
"TCGA.CH.5740.01",-35,"PRAD"
"TCGA.CH.5741.01",-25,"PRAD"
"TCGA.CH.5743.01",-35,"PRAD"
"TCGA.CH.5744.01",-25,"PRAD"
"TCGA.CH.5746.01",-35,"PRAD"
"TCGA.CH.5748.01",-31,"PRAD"
"TCGA.CH.5750.01",-29,"PRAD"
"TCGA.CH.5751.01",-21,"PRAD"
"TCGA.CH.5752.01",-29,"PRAD"
"TCGA.CH.5753.01",-33,"PRAD"
"TCGA.CH.5754.01",-17,"PRAD"
"TCGA.CH.5761.01",-1,"PRAD"
"TCGA.CH.5762.01",-33,"PRAD"
"TCGA.CH.5763.01",-31,"PRAD"
"TCGA.CH.5764.01",-39,"PRAD"
"TCGA.CH.5765.01",-35,"PRAD"
"TCGA.CH.5766.01",-25,"PRAD"
"TCGA.CH.5767.01",-23,"PRAD"
"TCGA.CH.5768.01",-33,"PRAD"
"TCGA.CH.5769.01",-13,"PRAD"
"TCGA.CH.5771.01",-31,"PRAD"
"TCGA.CH.5772.01",-35,"PRAD"
"TCGA.CH.5788.01",-13,"PRAD"
"TCGA.CH.5789.01",-27,"PRAD"
"TCGA.CH.5790.01",-37,"PRAD"
"TCGA.CH.5791.01",-31,"PRAD"
"TCGA.CH.5792.01",-37,"PRAD"
"TCGA.CH.5794.01",-33,"PRAD"
"TCGA.EJ.5494.01",-39,"PRAD"
"TCGA.EJ.5495.01",-43,"PRAD"
"TCGA.EJ.5496.01",-33,"PRAD"
"TCGA.EJ.5497.01",-37,"PRAD"
"TCGA.EJ.5498.01",-39,"PRAD"
"TCGA.EJ.5499.01",-27,"PRAD"
"TCGA.EJ.5501.01",-23,"PRAD"
"TCGA.EJ.5502.01",-37,"PRAD"
"TCGA.EJ.5503.01",-37,"PRAD"
"TCGA.EJ.5504.01",-29,"PRAD"
"TCGA.EJ.5505.01",-35,"PRAD"
"TCGA.EJ.5506.01",-35,"PRAD"
"TCGA.EJ.5507.01",-27,"PRAD"
"TCGA.EJ.5508.01",-35,"PRAD"
"TCGA.EJ.5509.01",-29,"PRAD"
"TCGA.EJ.5510.01",-35,"PRAD"
"TCGA.EJ.5511.01",-35,"PRAD"
"TCGA.EJ.5512.01",-29,"PRAD"
"TCGA.EJ.5514.01",-25,"PRAD"
"TCGA.EJ.5515.01",-29,"PRAD"
"TCGA.EJ.5516.01",-33,"PRAD"
"TCGA.EJ.5517.01",-25,"PRAD"
"TCGA.EJ.5518.01",-33,"PRAD"
"TCGA.EJ.5519.01",-33,"PRAD"
"TCGA.EJ.5521.01",-13,"PRAD"
"TCGA.EJ.5522.01",-35,"PRAD"
"TCGA.EJ.5524.01",-31,"PRAD"
"TCGA.EJ.5525.01",-29,"PRAD"
"TCGA.EJ.5526.01",-31,"PRAD"
"TCGA.EJ.5527.01",-33,"PRAD"
"TCGA.EJ.5530.01",-41,"PRAD"
"TCGA.EJ.5531.01",-37,"PRAD"
"TCGA.EJ.5532.01",-29,"PRAD"
"TCGA.EJ.5542.01",-33,"PRAD"
"TCGA.EJ.7115.01",-33,"PRAD"
"TCGA.EJ.7123.01",-21,"PRAD"
"TCGA.EJ.7125.01",-25,"PRAD"
"TCGA.EJ.7218.01",-25,"PRAD"
"TCGA.EJ.7314.01",-33,"PRAD"
"TCGA.EJ.7315.01",-23,"PRAD"
"TCGA.EJ.7317.01",-27,"PRAD"
"TCGA.EJ.7318.01",-15,"PRAD"
"TCGA.EJ.7321.01",-37,"PRAD"
"TCGA.EJ.7327.01",-41,"PRAD"
"TCGA.EJ.7328.01",-35,"PRAD"
"TCGA.EJ.7330.01",-31,"PRAD"
"TCGA.EJ.7331.01",-33,"PRAD"
"TCGA.EJ.7781.01",-33,"PRAD"
"TCGA.EJ.7782.01",-31,"PRAD"
"TCGA.EJ.7783.01",-35,"PRAD"
"TCGA.EJ.7784.01",-37,"PRAD"
"TCGA.EJ.7785.01",-37,"PRAD"
"TCGA.EJ.7786.01",-33,"PRAD"
"TCGA.EJ.7788.01",-37,"PRAD"
"TCGA.EJ.7789.01",-13,"PRAD"
"TCGA.EJ.7791.01",-31,"PRAD"
"TCGA.EJ.7792.01",-37,"PRAD"
"TCGA.EJ.7793.01",-29,"PRAD"
"TCGA.EJ.7794.01",-35,"PRAD"
"TCGA.EJ.7797.01",-33,"PRAD"
"TCGA.EJ.8468.01",-33,"PRAD"
"TCGA.EJ.8469.01",-25,"PRAD"
"TCGA.EJ.8470.01",-25,"PRAD"
"TCGA.EJ.8472.01",-29,"PRAD"
"TCGA.EJ.8474.01",-31,"PRAD"
"TCGA.EJ.A46D.01",-29,"PRAD"
"TCGA.EJ.A46G.01",-35,"PRAD"
"TCGA.EJ.A46I.01",-39,"PRAD"
"TCGA.EJ.A65E.01",-21,"PRAD"
"TCGA.EJ.A65F.01",-25,"PRAD"
"TCGA.EJ.A65G.01",-29,"PRAD"
"TCGA.EJ.A65J.01",-15,"PRAD"
"TCGA.EJ.A6RA.01",-21,"PRAD"
"TCGA.EJ.A6RC.01",-31,"PRAD"
"TCGA.EJ.A7NF.01",-23,"PRAD"
"TCGA.EJ.A7NG.01",-35,"PRAD"
"TCGA.EJ.A7NH.01",-31,"PRAD"
"TCGA.EJ.A7NJ.01",-31,"PRAD"
"TCGA.EJ.A7NK.01",-35,"PRAD"
"TCGA.EJ.A7NM.01",-31,"PRAD"
"TCGA.EJ.A8FN.01",-27,"PRAD"
"TCGA.EJ.A8FS.01",-27,"PRAD"
"TCGA.EJ.A8FU.01",-31,"PRAD"
"TCGA.FC.7708.01",-27,"PRAD"
"TCGA.FC.7961.01",-15,"PRAD"
"TCGA.FC.A4JI.01",11,"PRAD"
"TCGA.FC.A5OB.01",-21,"PRAD"
"TCGA.FC.A8O0.01",-37,"PRAD"
"TCGA.G9.6329.01",-23,"PRAD"
"TCGA.G9.6333.01",-21,"PRAD"
"TCGA.G9.6336.01",-23,"PRAD"
"TCGA.G9.6342.01",-27,"PRAD"
"TCGA.G9.6348.01",-9,"PRAD"
"TCGA.G9.6351.01",-31,"PRAD"
"TCGA.G9.6353.01",-27,"PRAD"
"TCGA.G9.6356.01",-37,"PRAD"
"TCGA.G9.6361.01",-33,"PRAD"
"TCGA.G9.6363.01",-13,"PRAD"
"TCGA.G9.6364.01",-27,"PRAD"
"TCGA.G9.6365.01",-29,"PRAD"
"TCGA.G9.6366.01",-21,"PRAD"
"TCGA.G9.6367.01",-29,"PRAD"
"TCGA.G9.6370.01",-35,"PRAD"
"TCGA.G9.6371.01",-27,"PRAD"
"TCGA.G9.6377.01",-11,"PRAD"
"TCGA.G9.6378.01",-25,"PRAD"
"TCGA.G9.6384.01",-33,"PRAD"
"TCGA.G9.6385.01",-37,"PRAD"
"TCGA.G9.6494.01",-27,"PRAD"
"TCGA.G9.6499.01",-13,"PRAD"
"TCGA.G9.7510.01",-17,"PRAD"
"TCGA.G9.7519.01",-15,"PRAD"
"TCGA.G9.7521.01",-21,"PRAD"
"TCGA.G9.7522.01",-21,"PRAD"
"TCGA.G9.7523.01",-19,"PRAD"
"TCGA.H9.7775.01",-35,"PRAD"
"TCGA.HC.7075.01",-33,"PRAD"
"TCGA.HC.7077.01",-27,"PRAD"
"TCGA.HC.7078.01",-27,"PRAD"
"TCGA.HC.7079.01",-39,"PRAD"
"TCGA.HC.7080.01",-27,"PRAD"
"TCGA.HC.7081.01",-33,"PRAD"
"TCGA.HC.7209.01",-33,"PRAD"
"TCGA.HC.7210.01",-21,"PRAD"
"TCGA.HC.7211.01",-33,"PRAD"
"TCGA.HC.7212.01",-33,"PRAD"
"TCGA.HC.7213.01",-19,"PRAD"
"TCGA.HC.7230.01",-29,"PRAD"
"TCGA.HC.7231.01",-37,"PRAD"
"TCGA.HC.7232.01",-31,"PRAD"
"TCGA.HC.7233.01",-31,"PRAD"
"TCGA.HC.7736.01",-31,"PRAD"
"TCGA.HC.7737.01",-25,"PRAD"
"TCGA.HC.7740.01",-35,"PRAD"
"TCGA.HC.7742.01",-19,"PRAD"
"TCGA.HC.7744.01",-31,"PRAD"
"TCGA.HC.7747.01",-31,"PRAD"
"TCGA.HC.7748.01",-41,"PRAD"
"TCGA.HC.7749.01",-35,"PRAD"
"TCGA.HC.7750.01",-35,"PRAD"
"TCGA.HC.7818.01",-31,"PRAD"
"TCGA.HC.7820.01",-31,"PRAD"
"TCGA.HC.7821.01",-31,"PRAD"
"TCGA.HC.8213.01",-29,"PRAD"
"TCGA.HC.8216.01",-21,"PRAD"
"TCGA.HC.8256.01",-35,"PRAD"
"TCGA.HC.8257.01",-31,"PRAD"
"TCGA.HC.8258.01",-29,"PRAD"
"TCGA.HC.8260.01",-33,"PRAD"
"TCGA.HC.8261.01",-27,"PRAD"
"TCGA.HC.8262.01",-23,"PRAD"
"TCGA.HC.8264.01",-33,"PRAD"
"TCGA.HC.8265.01",-19,"PRAD"
"TCGA.HC.8266.01",-33,"PRAD"
"TCGA.HC.A48F.01",-29,"PRAD"
"TCGA.HC.A4ZV.01",-21,"PRAD"
"TCGA.HC.A631.01",-17,"PRAD"
"TCGA.HC.A632.01",-33,"PRAD"
"TCGA.HC.A76W.01",-35,"PRAD"
"TCGA.HC.A76X.01",-31,"PRAD"
"TCGA.HC.A8CY.01",-25,"PRAD"
"TCGA.HC.A8D0.01",-29,"PRAD"
"TCGA.HC.A8D1.01",-33,"PRAD"
"TCGA.HI.7168.01",-25,"PRAD"
"TCGA.HI.7170.01",-23,"PRAD"
"TCGA.HI.7171.01",-27,"PRAD"
"TCGA.J4.8198.01",-33,"PRAD"
"TCGA.J4.8200.01",-27,"PRAD"
"TCGA.J4.A67T.01",-21,"PRAD"
"TCGA.J4.A6G1.01",-35,"PRAD"
"TCGA.J4.A6G3.01",-27,"PRAD"
"TCGA.J4.A6M7.01",-33,"PRAD"
"TCGA.J4.A83I.01",-33,"PRAD"
"TCGA.J4.A83K.01",-27,"PRAD"
"TCGA.J4.A83M.01",-29,"PRAD"
"TCGA.J4.A83N.01",-21,"PRAD"
"TCGA.J9.A52B.01",-25,"PRAD"
"TCGA.J9.A8CK.01",-25,"PRAD"
"TCGA.J9.A8CL.01",-21,"PRAD"
"TCGA.J9.A8CM.01",-27,"PRAD"
"TCGA.J9.A8CN.01",-17,"PRAD"
"TCGA.J9.A8CP.01",-27,"PRAD"
"TCGA.KC.A4BL.01",-35,"PRAD"
"TCGA.KC.A4BN.01",-25,"PRAD"
"TCGA.KC.A4BR.01",-23,"PRAD"
"TCGA.KC.A4BV.01",-37,"PRAD"
"TCGA.KC.A7F3.01",-17,"PRAD"
"TCGA.KC.A7F6.01",-29,"PRAD"
"TCGA.KC.A7FA.01",-11,"PRAD"
"TCGA.KC.A7FD.01",-15,"PRAD"
"TCGA.KC.A7FE.01",-37,"PRAD"
"TCGA.KK.A59X.01",11,"PRAD"
"TCGA.KK.A59Y.01",-17,"PRAD"
"TCGA.KK.A59Z.01",-23,"PRAD"
"TCGA.KK.A6DY.01",-33,"PRAD"
"TCGA.KK.A6E0.01",-9,"PRAD"
"TCGA.KK.A6E1.01",-7,"PRAD"
"TCGA.KK.A6E2.01",-33,"PRAD"
"TCGA.KK.A6E5.01",-21,"PRAD"
"TCGA.KK.A6E6.01",-17,"PRAD"
"TCGA.KK.A7AP.01",-17,"PRAD"
"TCGA.KK.A7AU.01",-19,"PRAD"
"TCGA.KK.A7AV.01",-31,"PRAD"
"TCGA.KK.A7B1.01",-27,"PRAD"
"TCGA.KK.A7B3.01",-21,"PRAD"
"TCGA.KK.A7B4.01",-15,"PRAD"
"TCGA.KK.A8I4.01",-23,"PRAD"
"TCGA.KK.A8I5.01",-13,"PRAD"
"TCGA.KK.A8I6.01",-21,"PRAD"
"TCGA.KK.A8I8.01",-21,"PRAD"
"TCGA.KK.A8I9.01",-13,"PRAD"
"TCGA.KK.A8IA.01",-21,"PRAD"
"TCGA.KK.A8IB.01",-3,"PRAD"
"TCGA.KK.A8IC.01",-27,"PRAD"
"TCGA.KK.A8ID.01",-23,"PRAD"
"TCGA.KK.A8IF.01",-13,"PRAD"
"TCGA.KK.A8IG.01",-19,"PRAD"
"TCGA.KK.A8IH.01",-25,"PRAD"
"TCGA.KK.A8II.01",-27,"PRAD"
"TCGA.KK.A8IJ.01",-21,"PRAD"
"TCGA.KK.A8IK.01",-11,"PRAD"
"TCGA.KK.A8IL.01",-21,"PRAD"
"TCGA.M7.A71Y.01",-27,"PRAD"
"TCGA.M7.A720.01",-31,"PRAD"
"TCGA.M7.A721.01",-17,"PRAD"
"TCGA.M7.A725.01",-13,"PRAD"
"TCGA.QU.A6IP.01",-31,"PRAD"
"TCGA.SU.A7E7.01",-33,"PRAD"
"TCGA.TK.A8OK.01",-31,"PRAD"
"TCGA.V1.A8MF.01",-23,"PRAD"
"TCGA.V1.A8MG.01",-29,"PRAD"
"TCGA.V1.A8MJ.01",-25,"PRAD"
"TCGA.V1.A8ML.01",-25,"PRAD"
"TCGA.V1.A8MU.01",-27,"PRAD"
"TCGA.V1.A8WL.01",-27,"PRAD"
"TCGA.V1.A8WN.01",-39,"PRAD"
"TCGA.V1.A8WS.01",-31,"PRAD"
"TCGA.V1.A8WV.01",-23,"PRAD"
"TCGA.V1.A8WW.01",-3,"PRAD"
"TCGA.V1.A8X3.01",-35,"PRAD"
"TCGA.VN.A88I.01",-31,"PRAD"
"TCGA.VN.A88K.01",-19,"PRAD"
"TCGA.VN.A88L.01",-21,"PRAD"
"TCGA.VN.A88N.01",-23,"PRAD"
"TCGA.VN.A88O.01",-19,"PRAD"
"TCGA.VN.A88P.01",-15,"PRAD"
"TCGA.VN.A88Q.01",-31,"PRAD"
"TCGA.VN.A88R.01",-9,"PRAD"
"TCGA.VP.A872.01",-9,"PRAD"
"TCGA.VP.A875.01",-29,"PRAD"
"TCGA.VP.A876.01",-29,"PRAD"
"TCGA.VP.A878.01",-33,"PRAD"
"TCGA.VP.A879.01",-33,"PRAD"
"TCGA.VP.A87B.01",-23,"PRAD"
"TCGA.VP.A87C.01",-35,"PRAD"
"TCGA.VP.A87D.01",-37,"PRAD"
"TCGA.VP.A87E.01",-21,"PRAD"
"TCGA.VP.A87H.01",-17,"PRAD"
"TCGA.VP.A87J.01",-23,"PRAD"
"TCGA.VP.A87K.01",-21,"PRAD"
"TCGA.WW.A8ZI.01",-33,"PRAD"
"TCGA.XA.A8JR.01",-31,"PRAD"
"TCGA.XJ.A83G.01",-13,"PRAD"
"TCGA.XJ.A83H.01",-23,"PRAD"
"TCGA.XJ.A9DI.01",-31,"PRAD"
"TCGA.XJ.A9DK.01",-31,"PRAD"
"TCGA.XQ.A8TA.01",11,"PRAD"
"TCGA.XQ.A8TB.01",-31,"PRAD"
"TCGA.Y6.A8TL.01",-23,"PRAD"
"TCGA.YJ.A8SW.01",-23,"PRAD"
"TCGA.YL.A8HJ.01",-33,"PRAD"
"TCGA.YL.A8HK.01",-33,"PRAD"
"TCGA.YL.A8HL.01",-27,"PRAD"
"TCGA.YL.A8HM.01",-11,"PRAD"
"TCGA.YL.A8HO.01",-23,"PRAD"
"TCGA.YL.A8S8.01",-19,"PRAD"
"TCGA.YL.A8S9.01",-25,"PRAD"
"TCGA.YL.A8SA.01",-27,"PRAD"
"TCGA.YL.A8SB.01",-31,"PRAD"
"TCGA.YL.A8SC.01",-25,"PRAD"
"TCGA.YL.A8SF.01",-33,"PRAD"
"TCGA.YL.A8SH.01",-29,"PRAD"
"TCGA.YL.A8SJ.01",-37,"PRAD"
"TCGA.YL.A8SK.01",-41,"PRAD"
"TCGA.YL.A8SL.01",-15,"PRAD"
"TCGA.YL.A8SO.01",-11,"PRAD"
"TCGA.YL.A8SP.01",-27,"PRAD"
"TCGA.YL.A8SQ.01",-31,"PRAD"
"TCGA.YL.A8SR.01",-17,"PRAD"
"TCGA.YL.A9WH.01",11,"PRAD"
"TCGA.YL.A9WI.01",-11,"PRAD"
"TCGA.YL.A9WJ.01",-27,"PRAD"
"TCGA.ZG.A8QW.01",-11,"PRAD"
"TCGA.ZG.A8QX.01",-17,"PRAD"
"TCGA.ZG.A8QY.01",-31,"PRAD"
"TCGA.ZG.A8QZ.01",-33,"PRAD"
"TCGA.BF.A1PU.01",-5,"SKCM"
"TCGA.BF.A1PV.01",-7,"SKCM"
"TCGA.BF.A1PX.01",23,"SKCM"
"TCGA.BF.A1PZ.01",21,"SKCM"
"TCGA.BF.A1Q0.01",17,"SKCM"
"TCGA.BF.A3DJ.01",19,"SKCM"
"TCGA.BF.A3DL.01",19,"SKCM"
"TCGA.BF.A3DM.01",25,"SKCM"
"TCGA.BF.A3DN.01",9,"SKCM"
"TCGA.BF.A5EO.01",13,"SKCM"
"TCGA.BF.A5EP.01",25,"SKCM"
"TCGA.BF.A5EQ.01",-13,"SKCM"
"TCGA.BF.A5ER.01",7,"SKCM"
"TCGA.BF.A5ES.01",17,"SKCM"
"TCGA.D3.A5GT.01",-11,"SKCM"
"TCGA.D9.A3Z4.01",-3,"SKCM"
"TCGA.D9.A4Z2.01",-1,"SKCM"
"TCGA.D9.A4Z3.01",-7,"SKCM"
"TCGA.D9.A4Z5.01",-1,"SKCM"
"TCGA.EB.A1NK.01",23,"SKCM"
"TCGA.EB.A24C.01",-29,"SKCM"
"TCGA.EB.A24D.01",-3,"SKCM"
"TCGA.EB.A299.01",17,"SKCM"
"TCGA.EB.A3HV.01",9,"SKCM"
"TCGA.EB.A3XB.01",15,"SKCM"
"TCGA.EB.A3XC.01",29,"SKCM"
"TCGA.EB.A3XD.01",-9,"SKCM"
"TCGA.EB.A3XE.01",-7,"SKCM"
"TCGA.EB.A3XF.01",-5,"SKCM"
"TCGA.EB.A3Y6.01",-3,"SKCM"
"TCGA.EB.A3Y7.01",3,"SKCM"
"TCGA.EB.A41A.01",1,"SKCM"
"TCGA.EB.A41B.01",3,"SKCM"
"TCGA.EB.A42Y.01",27,"SKCM"
"TCGA.EB.A42Z.01",13,"SKCM"
"TCGA.EB.A430.01",21,"SKCM"
"TCGA.EB.A431.01",27,"SKCM"
"TCGA.EB.A44N.01",27,"SKCM"
"TCGA.EB.A44O.01",17,"SKCM"
"TCGA.EB.A44P.01",11,"SKCM"
"TCGA.EB.A4IQ.01",19,"SKCM"
"TCGA.EB.A4IS.01",-23,"SKCM"
"TCGA.EB.A4OY.01",7,"SKCM"
"TCGA.EB.A4OZ.01",-1,"SKCM"
"TCGA.EB.A4P0.01",-11,"SKCM"
"TCGA.EB.A4XL.01",7,"SKCM"
"TCGA.EB.A551.01",-11,"SKCM"
"TCGA.EB.A553.01",11,"SKCM"
"TCGA.EB.A57M.01",7,"SKCM"
"TCGA.EB.A5FP.01",29,"SKCM"
"TCGA.EB.A5SE.01",-5,"SKCM"
"TCGA.EB.A5SF.01",15,"SKCM"
"TCGA.EB.A5UM.01",-15,"SKCM"
"TCGA.EB.A5VU.01",25,"SKCM"
"TCGA.EB.A6QY.01",29,"SKCM"
"TCGA.EB.A6QZ.01",21,"SKCM"
"TCGA.EB.A6R0.01",1,"SKCM"
"TCGA.ER.A194.01",-15,"SKCM"
"TCGA.ER.A196.01",13,"SKCM"
"TCGA.ER.A19K.01",13,"SKCM"
"TCGA.ER.A19T.01",23,"SKCM"
"TCGA.ER.A2NB.01",17,"SKCM"
"TCGA.ER.A2NF.01",-23,"SKCM"
"TCGA.ER.A42H.01",7,"SKCM"
"TCGA.FR.A2OS.01",17,"SKCM"
"TCGA.FR.A3R1.01",-3,"SKCM"
"TCGA.FR.A726.01",19,"SKCM"
"TCGA.FR.A728.01",9,"SKCM"
"TCGA.FS.A1ZN.01",5,"SKCM"
"TCGA.FW.A5DX.01",5,"SKCM"
"TCGA.GF.A2C7.01",17,"SKCM"
"TCGA.GF.A769.01",33,"SKCM"
"TCGA.GN.A263.01",13,"SKCM"
"TCGA.GN.A26C.01",5,"SKCM"
"TCGA.GN.A4U5.01",11,"SKCM"
"TCGA.IH.A3EA.01",33,"SKCM"
"TCGA.4C.A93U.01",-35,"THCA"
"TCGA.BJ.A0YZ.01",-33,"THCA"
"TCGA.BJ.A0Z0.01",-41,"THCA"
"TCGA.BJ.A0Z2.01",-31,"THCA"
"TCGA.BJ.A0Z3.01",-39,"THCA"
"TCGA.BJ.A0Z5.01",-31,"THCA"
"TCGA.BJ.A0Z9.01",-29,"THCA"
"TCGA.BJ.A0ZA.01",-37,"THCA"
"TCGA.BJ.A0ZB.01",-35,"THCA"
"TCGA.BJ.A0ZC.01",-39,"THCA"
"TCGA.BJ.A0ZE.01",-19,"THCA"
"TCGA.BJ.A0ZG.01",-41,"THCA"
"TCGA.BJ.A0ZH.01",-31,"THCA"
"TCGA.BJ.A0ZJ.01",-35,"THCA"
"TCGA.BJ.A18Y.01",-35,"THCA"
"TCGA.BJ.A18Z.01",-37,"THCA"
"TCGA.BJ.A190.01",-33,"THCA"
"TCGA.BJ.A191.01",-43,"THCA"
"TCGA.BJ.A192.01",-25,"THCA"
"TCGA.BJ.A28R.01",-39,"THCA"
"TCGA.BJ.A28S.01",-39,"THCA"
"TCGA.BJ.A28T.01",-47,"THCA"
"TCGA.BJ.A28V.01",-39,"THCA"
"TCGA.BJ.A28W.01",-21,"THCA"
"TCGA.BJ.A28X.01",-35,"THCA"
"TCGA.BJ.A28Z.01",-39,"THCA"
"TCGA.BJ.A290.01",-35,"THCA"
"TCGA.BJ.A291.01",-19,"THCA"
"TCGA.BJ.A2N7.01",-35,"THCA"
"TCGA.BJ.A2N8.01",-25,"THCA"
"TCGA.BJ.A2N9.01",-15,"THCA"
"TCGA.BJ.A2NA.01",-31,"THCA"
"TCGA.BJ.A2P4.01",-21,"THCA"
"TCGA.BJ.A3EZ.01",-33,"THCA"
"TCGA.BJ.A3F0.01",-27,"THCA"
"TCGA.BJ.A3PR.01",-27,"THCA"
"TCGA.BJ.A3PT.01",-23,"THCA"
"TCGA.BJ.A3PU.01",-21,"THCA"
"TCGA.BJ.A45C.01",-41,"THCA"
"TCGA.BJ.A45D.01",-11,"THCA"
"TCGA.BJ.A45E.01",-29,"THCA"
"TCGA.BJ.A45F.01",-35,"THCA"
"TCGA.BJ.A45G.01",-31,"THCA"
"TCGA.BJ.A45H.01",-31,"THCA"
"TCGA.BJ.A45I.01",-31,"THCA"
"TCGA.BJ.A45J.01",-23,"THCA"
"TCGA.BJ.A45K.01",-37,"THCA"
"TCGA.BJ.A4O8.01",-33,"THCA"
"TCGA.BJ.A4O9.01",-33,"THCA"
"TCGA.CE.A13K.01",-43,"THCA"
"TCGA.CE.A27D.01",-41,"THCA"
"TCGA.CE.A3MD.01",-39,"THCA"
"TCGA.CE.A3ME.01",-31,"THCA"
"TCGA.CE.A481.01",-41,"THCA"
"TCGA.CE.A482.01",-39,"THCA"
"TCGA.CE.A483.01",-33,"THCA"
"TCGA.CE.A484.01",-29,"THCA"
"TCGA.CE.A485.01",-37,"THCA"
"TCGA.DE.A0XZ.01",-39,"THCA"
"TCGA.DE.A0Y2.01",-35,"THCA"
"TCGA.DE.A0Y3.01",-33,"THCA"
"TCGA.DE.A2OL.01",-43,"THCA"
"TCGA.DE.A3KN.01",-41,"THCA"
"TCGA.DE.A4M8.01",-41,"THCA"
"TCGA.DE.A4M9.01",-37,"THCA"
"TCGA.DE.A4MA.01",-19,"THCA"
"TCGA.DE.A4MB.01",-31,"THCA"
"TCGA.DE.A4MC.01",-39,"THCA"
"TCGA.DE.A4MD.01",-21,"THCA"
"TCGA.DE.A69J.01",-33,"THCA"
"TCGA.DE.A69K.01",-39,"THCA"
"TCGA.DE.A7U5.01",-37,"THCA"
"TCGA.DJ.A13L.01",-31,"THCA"
"TCGA.DJ.A13M.01",-9,"THCA"
"TCGA.DJ.A13O.01",-27,"THCA"
"TCGA.DJ.A13P.01",-35,"THCA"
"TCGA.DJ.A13R.01",-41,"THCA"
"TCGA.DJ.A13S.01",-41,"THCA"
"TCGA.DJ.A13T.01",-37,"THCA"
"TCGA.DJ.A13U.01",-35,"THCA"
"TCGA.DJ.A13V.01",-35,"THCA"
"TCGA.DJ.A13W.01",-41,"THCA"
"TCGA.DJ.A13X.01",-33,"THCA"
"TCGA.DJ.A1QD.01",-33,"THCA"
"TCGA.DJ.A1QE.01",-35,"THCA"
"TCGA.DJ.A1QF.01",-37,"THCA"
"TCGA.DJ.A1QG.01",-37,"THCA"
"TCGA.DJ.A1QH.01",-35,"THCA"
"TCGA.DJ.A1QI.01",-37,"THCA"
"TCGA.DJ.A1QL.01",-43,"THCA"
"TCGA.DJ.A1QM.01",-37,"THCA"
"TCGA.DJ.A1QN.01",-31,"THCA"
"TCGA.DJ.A1QO.01",-29,"THCA"
"TCGA.DJ.A1QQ.01",-37,"THCA"
"TCGA.DJ.A2PN.01",-35,"THCA"
"TCGA.DJ.A2PO.01",-37,"THCA"
"TCGA.DJ.A2PP.01",-35,"THCA"
"TCGA.DJ.A2PQ.01",-35,"THCA"
"TCGA.DJ.A2PR.01",-41,"THCA"
"TCGA.DJ.A2PS.01",-45,"THCA"
"TCGA.DJ.A2PT.01",-17,"THCA"
"TCGA.DJ.A2PU.01",-35,"THCA"
"TCGA.DJ.A2PV.01",-41,"THCA"
"TCGA.DJ.A2PW.01",-31,"THCA"
"TCGA.DJ.A2PX.01",-37,"THCA"
"TCGA.DJ.A2PY.01",-33,"THCA"
"TCGA.DJ.A2PZ.01",-35,"THCA"
"TCGA.DJ.A2Q0.01",-21,"THCA"
"TCGA.DJ.A2Q1.01",-25,"THCA"
"TCGA.DJ.A2Q2.01",-39,"THCA"
"TCGA.DJ.A2Q3.01",-37,"THCA"
"TCGA.DJ.A2Q4.01",-35,"THCA"
"TCGA.DJ.A2Q5.01",-35,"THCA"
"TCGA.DJ.A2Q6.01",-37,"THCA"
"TCGA.DJ.A2Q7.01",-31,"THCA"
"TCGA.DJ.A2Q9.01",-15,"THCA"
"TCGA.DJ.A2QA.01",-11,"THCA"
"TCGA.DJ.A2QB.01",-31,"THCA"
"TCGA.DJ.A2QC.01",-23,"THCA"
"TCGA.DJ.A3UK.01",-37,"THCA"
"TCGA.DJ.A3UM.01",-31,"THCA"
"TCGA.DJ.A3UN.01",-39,"THCA"
"TCGA.DJ.A3UO.01",-31,"THCA"
"TCGA.DJ.A3UP.01",-39,"THCA"
"TCGA.DJ.A3UQ.01",-33,"THCA"
"TCGA.DJ.A3UR.01",-35,"THCA"
"TCGA.DJ.A3US.01",-39,"THCA"
"TCGA.DJ.A3UT.01",-31,"THCA"
"TCGA.DJ.A3UU.01",-43,"THCA"
"TCGA.DJ.A3UW.01",-31,"THCA"
"TCGA.DJ.A3UX.01",-39,"THCA"
"TCGA.DJ.A3UY.01",-35,"THCA"
"TCGA.DJ.A3UZ.01",-37,"THCA"
"TCGA.DJ.A3V0.01",-23,"THCA"
"TCGA.DJ.A3V2.01",-29,"THCA"
"TCGA.DJ.A3V3.01",-33,"THCA"
"TCGA.DJ.A3V4.01",-35,"THCA"
"TCGA.DJ.A3V5.01",-35,"THCA"
"TCGA.DJ.A3V7.01",-29,"THCA"
"TCGA.DJ.A3V8.01",-29,"THCA"
"TCGA.DJ.A3V9.01",-35,"THCA"
"TCGA.DJ.A3VA.01",-33,"THCA"
"TCGA.DJ.A3VB.01",-15,"THCA"
"TCGA.DJ.A3VD.01",-35,"THCA"
"TCGA.DJ.A3VE.01",-37,"THCA"
"TCGA.DJ.A3VF.01",-37,"THCA"
"TCGA.DJ.A3VG.01",-39,"THCA"
"TCGA.DJ.A3VI.01",-27,"THCA"
"TCGA.DJ.A3VJ.01",-17,"THCA"
"TCGA.DJ.A3VK.01",-39,"THCA"
"TCGA.DJ.A3VL.01",-27,"THCA"
"TCGA.DJ.A3VM.01",-37,"THCA"
"TCGA.DJ.A4UL.01",-29,"THCA"
"TCGA.DJ.A4UP.01",-39,"THCA"
"TCGA.DJ.A4UQ.01",-39,"THCA"
"TCGA.DJ.A4UR.01",-31,"THCA"
"TCGA.DJ.A4UT.01",-35,"THCA"
"TCGA.DJ.A4UW.01",-33,"THCA"
"TCGA.DJ.A4V0.01",-43,"THCA"
"TCGA.DJ.A4V2.01",-29,"THCA"
"TCGA.DJ.A4V4.01",-31,"THCA"
"TCGA.DJ.A4V5.01",-35,"THCA"
"TCGA.DO.A1JZ.01",-37,"THCA"
"TCGA.DO.A1K0.01",-35,"THCA"
"TCGA.DO.A2HM.01",-37,"THCA"
"TCGA.E3.A3DY.01",-33,"THCA"
"TCGA.E3.A3DZ.01",-31,"THCA"
"TCGA.E3.A3E0.01",-33,"THCA"
"TCGA.E3.A3E1.01",-31,"THCA"
"TCGA.E3.A3E2.01",-29,"THCA"
"TCGA.E3.A3E3.01",-27,"THCA"
"TCGA.E3.A3E5.01",-33,"THCA"
"TCGA.E8.A242.01",-29,"THCA"
"TCGA.E8.A2EA.01",-21,"THCA"
"TCGA.E8.A3X7.01",-25,"THCA"
"TCGA.E8.A413.01",-41,"THCA"
"TCGA.E8.A414.01",-33,"THCA"
"TCGA.E8.A415.01",-29,"THCA"
"TCGA.E8.A416.01",-43,"THCA"
"TCGA.E8.A417.01",-35,"THCA"
"TCGA.E8.A418.01",-29,"THCA"
"TCGA.E8.A419.01",-29,"THCA"
"TCGA.E8.A432.01",-35,"THCA"
"TCGA.E8.A433.01",-17,"THCA"
"TCGA.E8.A434.01",-33,"THCA"
"TCGA.E8.A436.01",-31,"THCA"
"TCGA.E8.A437.01",-29,"THCA"
"TCGA.E8.A438.01",-33,"THCA"
"TCGA.E8.A44K.01",-35,"THCA"
"TCGA.E8.A44M.01",-35,"THCA"
"TCGA.EL.A3CL.01",-37,"THCA"
"TCGA.EL.A3CM.01",-37,"THCA"
"TCGA.EL.A3CN.01",-37,"THCA"
"TCGA.EL.A3CO.01",-27,"THCA"
"TCGA.EL.A3CP.01",-43,"THCA"
"TCGA.EL.A3CR.01",-21,"THCA"
"TCGA.EL.A3CS.01",-27,"THCA"
"TCGA.EL.A3CT.01",-29,"THCA"
"TCGA.EL.A3CU.01",-37,"THCA"
"TCGA.EL.A3CV.01",-25,"THCA"
"TCGA.EL.A3CW.01",-39,"THCA"
"TCGA.EL.A3CX.01",-27,"THCA"
"TCGA.EL.A3CY.01",-31,"THCA"
"TCGA.EL.A3CZ.01",-37,"THCA"
"TCGA.EL.A3D1.01",-17,"THCA"
"TCGA.EL.A3D4.01",-25,"THCA"
"TCGA.EL.A3D6.01",-19,"THCA"
"TCGA.EL.A3GO.01",-35,"THCA"
"TCGA.EL.A3GP.01",-33,"THCA"
"TCGA.EL.A3GQ.01",-39,"THCA"
"TCGA.EL.A3GR.01",-39,"THCA"
"TCGA.EL.A3GS.01",-33,"THCA"
"TCGA.EL.A3GU.01",-41,"THCA"
"TCGA.EL.A3GV.01",-37,"THCA"
"TCGA.EL.A3GW.01",-37,"THCA"
"TCGA.EL.A3GX.01",-33,"THCA"
"TCGA.EL.A3GY.01",-31,"THCA"
"TCGA.EL.A3GZ.01",-39,"THCA"
"TCGA.EL.A3H1.01",-37,"THCA"
"TCGA.EL.A3H2.01",-39,"THCA"
"TCGA.EL.A3H3.01",-35,"THCA"
"TCGA.EL.A3H4.01",-33,"THCA"
"TCGA.EL.A3H5.01",-37,"THCA"
"TCGA.EL.A3H7.01",-35,"THCA"
"TCGA.EL.A3H8.01",-29,"THCA"
"TCGA.EL.A3MW.01",-35,"THCA"
"TCGA.EL.A3MX.01",-23,"THCA"
"TCGA.EL.A3MY.01",-29,"THCA"
"TCGA.EL.A3MZ.01",-31,"THCA"
"TCGA.EL.A3N2.01",-39,"THCA"
"TCGA.EL.A3N3.01",-35,"THCA"
"TCGA.EL.A3T0.01",-33,"THCA"
"TCGA.EL.A3T1.01",-35,"THCA"
"TCGA.EL.A3T2.01",-37,"THCA"
"TCGA.EL.A3T3.01",-25,"THCA"
"TCGA.EL.A3T6.01",-25,"THCA"
"TCGA.EL.A3T7.01",-33,"THCA"
"TCGA.EL.A3T8.01",-35,"THCA"
"TCGA.EL.A3T9.01",-9,"THCA"
"TCGA.EL.A3TA.01",-35,"THCA"
"TCGA.EL.A3TB.01",-29,"THCA"
"TCGA.EL.A3ZG.01",-27,"THCA"
"TCGA.EL.A3ZH.01",-31,"THCA"
"TCGA.EL.A3ZK.01",-31,"THCA"
"TCGA.EL.A3ZL.01",-31,"THCA"
"TCGA.EL.A3ZM.01",1,"THCA"
"TCGA.EL.A3ZN.01",-27,"THCA"
"TCGA.EL.A3ZO.01",-23,"THCA"
"TCGA.EL.A3ZP.01",-31,"THCA"
"TCGA.EL.A3ZQ.01",-15,"THCA"
"TCGA.EL.A3ZR.01",-37,"THCA"
"TCGA.EL.A3ZS.01",-29,"THCA"
"TCGA.EL.A3ZT.01",-35,"THCA"
"TCGA.EL.A4JV.01",-41,"THCA"
"TCGA.EL.A4JW.01",-29,"THCA"
"TCGA.EL.A4JX.01",-39,"THCA"
"TCGA.EL.A4JZ.01",-35,"THCA"
"TCGA.EL.A4K0.01",-37,"THCA"
"TCGA.EL.A4K1.01",-29,"THCA"
"TCGA.EL.A4K2.01",-37,"THCA"
"TCGA.EL.A4K4.01",-35,"THCA"
"TCGA.EL.A4K6.01",-39,"THCA"
"TCGA.EL.A4K7.01",-15,"THCA"
"TCGA.EL.A4K9.01",-35,"THCA"
"TCGA.EL.A4KD.01",-35,"THCA"
"TCGA.EL.A4KG.01",-29,"THCA"
"TCGA.EL.A4KH.01",-17,"THCA"
"TCGA.EL.A4KI.01",-13,"THCA"
"TCGA.EM.A1CS.01",-37,"THCA"
"TCGA.EM.A1CT.01",-39,"THCA"
"TCGA.EM.A1CU.01",-29,"THCA"
"TCGA.EM.A1CV.01",-35,"THCA"
"TCGA.EM.A1CW.01",-29,"THCA"
"TCGA.EM.A1YA.01",-35,"THCA"
"TCGA.EM.A1YB.01",-15,"THCA"
"TCGA.EM.A1YC.01",-31,"THCA"
"TCGA.EM.A1YD.01",-41,"THCA"
"TCGA.EM.A1YE.01",-25,"THCA"
"TCGA.EM.A22I.01",-37,"THCA"
"TCGA.EM.A22J.01",-41,"THCA"
"TCGA.EM.A22K.01",-39,"THCA"
"TCGA.EM.A22L.01",-37,"THCA"
"TCGA.EM.A22M.01",-35,"THCA"
"TCGA.EM.A22N.01",-25,"THCA"
"TCGA.EM.A22O.01",-29,"THCA"
"TCGA.EM.A22P.01",-39,"THCA"
"TCGA.EM.A22Q.01",-13,"THCA"
"TCGA.EM.A2CJ.01",-41,"THCA"
"TCGA.EM.A2CK.01",-37,"THCA"
"TCGA.EM.A2CL.01",-43,"THCA"
"TCGA.EM.A2CN.01",-21,"THCA"
"TCGA.EM.A2CO.01",-33,"THCA"
"TCGA.EM.A2CP.01",-37,"THCA"
"TCGA.EM.A2CQ.01",-39,"THCA"
"TCGA.EM.A2CR.01",-19,"THCA"
"TCGA.EM.A2CT.01",-27,"THCA"
"TCGA.EM.A2CU.01",-37,"THCA"
"TCGA.EM.A2OV.01",-29,"THCA"
"TCGA.EM.A2OW.01",-39,"THCA"
"TCGA.EM.A2OX.01",-37,"THCA"
"TCGA.EM.A2OY.01",-21,"THCA"
"TCGA.EM.A2OZ.01",-31,"THCA"
"TCGA.EM.A2P0.01",-39,"THCA"
"TCGA.EM.A2P1.01",-31,"THCA"
"TCGA.EM.A2P2.01",-43,"THCA"
"TCGA.EM.A2P3.01",-41,"THCA"
"TCGA.EM.A3AI.01",-31,"THCA"
"TCGA.EM.A3AJ.01",-35,"THCA"
"TCGA.EM.A3AK.01",-33,"THCA"
"TCGA.EM.A3AL.01",-41,"THCA"
"TCGA.EM.A3AN.01",-37,"THCA"
"TCGA.EM.A3AO.01",-37,"THCA"
"TCGA.EM.A3AP.01",-39,"THCA"
"TCGA.EM.A3AQ.01",-33,"THCA"
"TCGA.EM.A3AR.01",-39,"THCA"
"TCGA.EM.A3FJ.01",-33,"THCA"
"TCGA.EM.A3FK.01",-31,"THCA"
"TCGA.EM.A3FL.01",-25,"THCA"
"TCGA.EM.A3FM.01",-27,"THCA"
"TCGA.EM.A3FN.01",-29,"THCA"
"TCGA.EM.A3FO.01",-29,"THCA"
"TCGA.EM.A3FP.01",-27,"THCA"
"TCGA.EM.A3FQ.01",-41,"THCA"
"TCGA.EM.A3FR.01",-43,"THCA"
"TCGA.EM.A3O3.01",-17,"THCA"
"TCGA.EM.A3O6.01",-23,"THCA"
"TCGA.EM.A3O7.01",-31,"THCA"
"TCGA.EM.A3O8.01",-31,"THCA"
"TCGA.EM.A3O9.01",-3,"THCA"
"TCGA.EM.A3OA.01",-21,"THCA"
"TCGA.EM.A3OB.01",-35,"THCA"
"TCGA.EM.A3ST.01",-31,"THCA"
"TCGA.EM.A3SU.01",-31,"THCA"
"TCGA.EM.A3SX.01",-43,"THCA"
"TCGA.EM.A3SY.01",-11,"THCA"
"TCGA.EM.A3SZ.01",-27,"THCA"
"TCGA.EM.A4FF.01",-39,"THCA"
"TCGA.EM.A4FH.01",-31,"THCA"
"TCGA.EM.A4FK.01",-33,"THCA"
"TCGA.EM.A4FM.01",-33,"THCA"
"TCGA.EM.A4FN.01",-25,"THCA"
"TCGA.EM.A4FO.01",-37,"THCA"
"TCGA.EM.A4FQ.01",-29,"THCA"
"TCGA.EM.A4FR.01",-31,"THCA"
"TCGA.EM.A4FU.01",-41,"THCA"
"TCGA.EM.A4FV.01",-41,"THCA"
"TCGA.EM.A4G1.01",-31,"THCA"
"TCGA.ET.A25G.01",-33,"THCA"
"TCGA.ET.A25I.01",-27,"THCA"
"TCGA.ET.A25J.01",-35,"THCA"
"TCGA.ET.A25K.01",-31,"THCA"
"TCGA.ET.A25L.01",-35,"THCA"
"TCGA.ET.A25M.01",-35,"THCA"
"TCGA.ET.A25N.01",-35,"THCA"
"TCGA.ET.A25O.01",-35,"THCA"
"TCGA.ET.A25P.01",-41,"THCA"
"TCGA.ET.A25R.01",-37,"THCA"
"TCGA.ET.A2MX.01",-27,"THCA"
"TCGA.ET.A2MY.01",-39,"THCA"
"TCGA.ET.A2MZ.01",-35,"THCA"
"TCGA.ET.A2N0.01",-13,"THCA"
"TCGA.ET.A2N3.01",-35,"THCA"
"TCGA.ET.A2N4.01",-27,"THCA"
"TCGA.ET.A2N5.01",-33,"THCA"
"TCGA.ET.A39I.01",-35,"THCA"
"TCGA.ET.A39J.01",-33,"THCA"
"TCGA.ET.A39K.01",-23,"THCA"
"TCGA.ET.A39L.01",-35,"THCA"
"TCGA.ET.A39M.01",-23,"THCA"
"TCGA.ET.A39N.01",-19,"THCA"
"TCGA.ET.A39O.01",-31,"THCA"
"TCGA.ET.A39P.01",-35,"THCA"
"TCGA.ET.A39R.01",-37,"THCA"
"TCGA.ET.A39S.01",-33,"THCA"
"TCGA.ET.A39T.01",-35,"THCA"
"TCGA.ET.A3BN.01",-33,"THCA"
"TCGA.ET.A3BO.01",-35,"THCA"
"TCGA.ET.A3BP.01",-33,"THCA"
"TCGA.ET.A3BQ.01",-33,"THCA"
"TCGA.ET.A3BS.01",-31,"THCA"
"TCGA.ET.A3BT.01",-31,"THCA"
"TCGA.ET.A3BU.01",-33,"THCA"
"TCGA.ET.A3BV.01",-33,"THCA"
"TCGA.ET.A3BW.01",-43,"THCA"
"TCGA.ET.A3BX.01",-35,"THCA"
"TCGA.ET.A3DO.01",-39,"THCA"
"TCGA.ET.A3DP.01",-33,"THCA"
"TCGA.ET.A3DQ.01",-37,"THCA"
"TCGA.ET.A3DR.01",-37,"THCA"
"TCGA.ET.A3DS.01",-43,"THCA"
"TCGA.ET.A3DT.01",-43,"THCA"
"TCGA.ET.A3DU.01",-35,"THCA"
"TCGA.ET.A3DV.01",-33,"THCA"
"TCGA.ET.A3DW.01",-33,"THCA"
"TCGA.ET.A40P.01",-17,"THCA"
"TCGA.ET.A40Q.01",-33,"THCA"
"TCGA.ET.A40R.01",-21,"THCA"
"TCGA.ET.A40S.01",-33,"THCA"
"TCGA.ET.A40T.01",-39,"THCA"
"TCGA.ET.A4KN.01",-19,"THCA"
"TCGA.ET.A4KQ.01",-39,"THCA"
"TCGA.FE.A22Z.01",-31,"THCA"
"TCGA.FE.A230.01",-35,"THCA"
"TCGA.FE.A231.01",-35,"THCA"
"TCGA.FE.A232.01",-27,"THCA"
"TCGA.FE.A233.01",-33,"THCA"
"TCGA.FE.A234.01",-33,"THCA"
"TCGA.FE.A235.01",-9,"THCA"
"TCGA.FE.A236.01",-29,"THCA"
"TCGA.FE.A237.01",-35,"THCA"
"TCGA.FE.A238.01",-25,"THCA"
"TCGA.FE.A239.01",-21,"THCA"
"TCGA.FE.A23A.01",-37,"THCA"
"TCGA.FE.A3PA.01",-33,"THCA"
"TCGA.FE.A3PB.01",-35,"THCA"
"TCGA.FE.A3PC.01",-33,"THCA"
"TCGA.FE.A3PD.01",-31,"THCA"
"TCGA.FK.A3S3.01",-27,"THCA"
"TCGA.FK.A3SB.01",-39,"THCA"
"TCGA.FK.A3SD.01",-29,"THCA"
"TCGA.FK.A3SE.01",-31,"THCA"
"TCGA.FK.A3SG.01",-23,"THCA"
"TCGA.FK.A3SH.01",-37,"THCA"
"TCGA.FK.A4UB.01",-39,"THCA"
"TCGA.FY.A2QD.01",-43,"THCA"
"TCGA.FY.A3BL.01",-43,"THCA"
"TCGA.FY.A3I4.01",-33,"THCA"
"TCGA.FY.A3I5.01",-29,"THCA"
"TCGA.FY.A3NM.01",-37,"THCA"
"TCGA.FY.A3NN.01",-35,"THCA"
"TCGA.FY.A3NP.01",-37,"THCA"
"TCGA.FY.A3ON.01",-39,"THCA"
"TCGA.FY.A3R6.01",-35,"THCA"
"TCGA.FY.A3R7.01",-41,"THCA"
"TCGA.FY.A3R8.01",-35,"THCA"
"TCGA.FY.A3R9.01",-19,"THCA"
"TCGA.FY.A3RA.01",-35,"THCA"
"TCGA.FY.A3TY.01",-37,"THCA"
"TCGA.FY.A3W9.01",-37,"THCA"
"TCGA.FY.A3WA.01",-37,"THCA"
"TCGA.FY.A3YR.01",-31,"THCA"
"TCGA.FY.A40K.01",-33,"THCA"
"TCGA.FY.A40L.01",-35,"THCA"
"TCGA.FY.A40M.01",-39,"THCA"
"TCGA.FY.A40N.01",-35,"THCA"
"TCGA.FY.A4B0.01",-23,"THCA"
"TCGA.FY.A4B3.01",-27,"THCA"
"TCGA.FY.A4B4.01",-27,"THCA"
"TCGA.FY.A76V.01",-35,"THCA"
"TCGA.GE.A2C6.01",-31,"THCA"
"TCGA.H2.A26U.01",-39,"THCA"
"TCGA.H2.A2K9.01",-41,"THCA"
"TCGA.H2.A3RH.01",-37,"THCA"
"TCGA.H2.A3RI.01",-35,"THCA"
"TCGA.H2.A421.01",-33,"THCA"
"TCGA.H2.A422.01",-35,"THCA"
"TCGA.IM.A3EB.01",-33,"THCA"
"TCGA.IM.A3ED.01",-39,"THCA"
"TCGA.IM.A3U2.01",-27,"THCA"
"TCGA.IM.A3U3.01",-31,"THCA"
"TCGA.IM.A41Y.01",-21,"THCA"
"TCGA.IM.A41Z.01",-33,"THCA"
"TCGA.IM.A420.01",-35,"THCA"
"TCGA.IM.A4EB.01",-27,"THCA"
"TCGA.J8.A3NZ.01",-35,"THCA"
"TCGA.J8.A3O0.01",-41,"THCA"
"TCGA.J8.A3O1.01",-35,"THCA"
"TCGA.J8.A3O2.01",-31,"THCA"
"TCGA.J8.A3YD.01",-35,"THCA"
"TCGA.J8.A3YE.01",-23,"THCA"
"TCGA.J8.A3YF.01",-21,"THCA"
"TCGA.J8.A3YG.01",-29,"THCA"
"TCGA.J8.A3YH.01",-31,"THCA"
"TCGA.J8.A42S.01",-25,"THCA"
"TCGA.J8.A4HW.01",-33,"THCA"
"TCGA.J8.A4HY.01",-25,"THCA"
"TCGA.KS.A41F.01",-25,"THCA"
"TCGA.KS.A41I.01",-33,"THCA"
"TCGA.KS.A41J.01",-19,"THCA"
"TCGA.KS.A41L.01",-33,"THCA"
"TCGA.KS.A4I1.01",-39,"THCA"
"TCGA.KS.A4I3.01",-35,"THCA"
"TCGA.KS.A4I5.01",-31,"THCA"
"TCGA.KS.A4I7.01",-29,"THCA"
"TCGA.KS.A4I9.01",-39,"THCA"
"TCGA.KS.A4IB.01",-39,"THCA"
"TCGA.KS.A4IC.01",-35,"THCA"
"TCGA.KS.A4ID.01",-31,"THCA"
"TCGA.L6.A4EP.01",-31,"THCA"
"TCGA.L6.A4EQ.01",-31,"THCA"
"TCGA.L6.A4ET.01",-25,"THCA"
"TCGA.L6.A4EU.01",-25,"THCA"
"TCGA.MK.A4N6.01",-27,"THCA"
"TCGA.MK.A4N7.01",-33,"THCA"
"TCGA.MK.A4N9.01",-33,"THCA"
"TCGA.MK.A84Z.01",-31,"THCA"
"TCGA.QD.A8IV.01",-39,"THCA"
"TCGA.2E.A9G8.01",37,"UCEC"
"TCGA.4E.A92E.01",-9,"UCEC"
"TCGA.5B.A90C.01",19,"UCEC"
"TCGA.5S.A9Q8.01",-17,"UCEC"
"TCGA.A5.A1OH.01",21,"UCEC"
"TCGA.A5.A2K2.01",5,"UCEC"
"TCGA.A5.A2K3.01",21,"UCEC"
"TCGA.A5.A2K4.01",21,"UCEC"
"TCGA.A5.A2K5.01",31,"UCEC"
"TCGA.A5.A2K7.01",31,"UCEC"
"TCGA.A5.A3LO.01",37,"UCEC"
"TCGA.A5.A3LP.01",31,"UCEC"
"TCGA.A5.A7WJ.01",19,"UCEC"
"TCGA.A5.A7WK.01",35,"UCEC"
"TCGA.A5.AB3J.01",-23,"UCEC"
"TCGA.AJ.A23N.01",21,"UCEC"
"TCGA.AJ.A2QM.01",23,"UCEC"
"TCGA.AJ.A2QO.01",25,"UCEC"
"TCGA.AJ.A3BD.01",25,"UCEC"
"TCGA.AJ.A3BF.01",23,"UCEC"
"TCGA.AJ.A3BG.01",37,"UCEC"
"TCGA.AJ.A3BH.01",17,"UCEC"
"TCGA.AJ.A3BI.01",21,"UCEC"
"TCGA.AJ.A3BK.01",15,"UCEC"
"TCGA.AJ.A3EJ.01",31,"UCEC"
"TCGA.AJ.A3EK.01",37,"UCEC"
"TCGA.AJ.A3EL.01",35,"UCEC"
"TCGA.AJ.A3EM.01",31,"UCEC"
"TCGA.AJ.A3I9.01",23,"UCEC"
"TCGA.AJ.A3IA.01",7,"UCEC"
"TCGA.AJ.A3NC.01",-1,"UCEC"
"TCGA.AJ.A3NE.01",23,"UCEC"
"TCGA.AJ.A3NF.01",-9,"UCEC"
"TCGA.AJ.A3NG.01",31,"UCEC"
"TCGA.AJ.A3NH.01",27,"UCEC"
"TCGA.AJ.A3OJ.01",29,"UCEC"
"TCGA.AJ.A3OK.01",-33,"UCEC"
"TCGA.AJ.A3OL.01",27,"UCEC"
"TCGA.AJ.A3QS.01",7,"UCEC"
"TCGA.AJ.A3TW.01",27,"UCEC"
"TCGA.AJ.A5DV.01",25,"UCEC"
"TCGA.AJ.A5DW.01",17,"UCEC"
"TCGA.AJ.A6NU.01",-3,"UCEC"
"TCGA.AJ.A8CT.01",-37,"UCEC"
"TCGA.AJ.A8CV.01",19,"UCEC"
"TCGA.AJ.A8CW.01",-9,"UCEC"
"TCGA.AP.A3K1.01",23,"UCEC"
"TCGA.AP.A5FX.01",-9,"UCEC"
"TCGA.AX.A05W.01",13,"UCEC"
"TCGA.AX.A1C7.01",17,"UCEC"
"TCGA.AX.A2H4.01",15,"UCEC"
"TCGA.AX.A2HH.01",3,"UCEC"
"TCGA.AX.A2IN.01",25,"UCEC"
"TCGA.AX.A3FS.01",37,"UCEC"
"TCGA.AX.A3FT.01",19,"UCEC"
"TCGA.AX.A3FV.01",25,"UCEC"
"TCGA.AX.A3FW.01",13,"UCEC"
"TCGA.AX.A3FX.01",19,"UCEC"
"TCGA.AX.A3FZ.01",17,"UCEC"
"TCGA.AX.A3G1.01",29,"UCEC"
"TCGA.AX.A3G4.01",15,"UCEC"
"TCGA.AX.A3G6.01",13,"UCEC"
"TCGA.AX.A3G7.01",5,"UCEC"
"TCGA.AX.A3G8.01",31,"UCEC"
"TCGA.AX.A3G9.01",25,"UCEC"
"TCGA.AX.A3GB.01",-27,"UCEC"
"TCGA.AX.A3GI.01",9,"UCEC"
"TCGA.B5.A0JN.01",23,"UCEC"
"TCGA.B5.A0JR.01",7,"UCEC"
"TCGA.B5.A0K9.01",21,"UCEC"
"TCGA.B5.A11R.01",21,"UCEC"
"TCGA.B5.A1MS.01",-9,"UCEC"
"TCGA.B5.A1MW.01",41,"UCEC"
"TCGA.B5.A3F9.01",1,"UCEC"
"TCGA.B5.A3FA.01",27,"UCEC"
"TCGA.B5.A3FB.01",27,"UCEC"
"TCGA.B5.A3FC.01",17,"UCEC"
"TCGA.B5.A3FD.01",15,"UCEC"
"TCGA.B5.A3FH.01",13,"UCEC"
"TCGA.B5.A3S1.01",27,"UCEC"
"TCGA.B5.A5OC.01",-9,"UCEC"
"TCGA.B5.A5OD.01",-7,"UCEC"
"TCGA.B5.A5OE.01",35,"UCEC"
"TCGA.BG.A0MK.01",-19,"UCEC"
"TCGA.BG.A3EW.01",23,"UCEC"
"TCGA.BG.A3PP.01",41,"UCEC"
"TCGA.BK.A139.01",35,"UCEC"
"TCGA.BK.A13B.01",25,"UCEC"
"TCGA.BK.A4ZD.01",-9,"UCEC"
"TCGA.BK.A56F.01",-21,"UCEC"
"TCGA.BK.A6W3.01",23,"UCEC"
"TCGA.BK.A6W4.01",-5,"UCEC"
"TCGA.BS.A0V4.01",-13,"UCEC"
"TCGA.BS.A0V7.01",-41,"UCEC"
"TCGA.D1.A2G0.01",37,"UCEC"
"TCGA.D1.A3DA.01",21,"UCEC"
"TCGA.D1.A3DG.01",5,"UCEC"
"TCGA.D1.A3DH.01",27,"UCEC"
"TCGA.D1.A3JQ.01",19,"UCEC"
"TCGA.DF.A2KN.01",27,"UCEC"
"TCGA.DF.A2KR.01",19,"UCEC"
"TCGA.DF.A2KU.01",17,"UCEC"
"TCGA.DF.A2KV.01",25,"UCEC"
"TCGA.DF.A2KY.01",25,"UCEC"
"TCGA.DF.A2KZ.01",17,"UCEC"
"TCGA.DF.A2L0.01",19,"UCEC"
"TCGA.DI.A1BU.01",9,"UCEC"
"TCGA.DI.A1C3.01",-23,"UCEC"
"TCGA.DI.A2QT.01",31,"UCEC"
"TCGA.DI.A2QY.01",-1,"UCEC"
"TCGA.E6.A2P8.01",29,"UCEC"
"TCGA.E6.A2P9.01",9,"UCEC"
"TCGA.E6.A8L9.01",9,"UCEC"
"TCGA.EO.A1Y7.01",31,"UCEC"
"TCGA.EO.A22U.01",29,"UCEC"
"TCGA.EO.A22X.01",35,"UCEC"
"TCGA.EO.A22Y.01",19,"UCEC"
"TCGA.EO.A3AS.01",-13,"UCEC"
"TCGA.EO.A3AU.01",27,"UCEC"
"TCGA.EO.A3AV.01",27,"UCEC"
"TCGA.EO.A3AY.01",25,"UCEC"
"TCGA.EO.A3AZ.01",17,"UCEC"
"TCGA.EO.A3B0.01",35,"UCEC"
"TCGA.EO.A3B1.01",5,"UCEC"
"TCGA.EO.A3KU.01",31,"UCEC"
"TCGA.EO.A3KW.01",35,"UCEC"
"TCGA.EO.A3KX.01",25,"UCEC"
"TCGA.EO.A3L0.01",13,"UCEC"
"TCGA.EY.A1GL.01",19,"UCEC"
"TCGA.EY.A1GO.01",3,"UCEC"
"TCGA.EY.A1GP.01",-1,"UCEC"
"TCGA.EY.A1GX.01",5,"UCEC"
"TCGA.EY.A210.01",17,"UCEC"
"TCGA.EY.A2ON.01",27,"UCEC"
"TCGA.EY.A2OO.01",-23,"UCEC"
"TCGA.EY.A2OP.01",25,"UCEC"
"TCGA.EY.A2OQ.01",27,"UCEC"
"TCGA.EY.A3L3.01",11,"UCEC"
"TCGA.EY.A3QX.01",23,"UCEC"
"TCGA.EY.A4KR.01",33,"UCEC"
"TCGA.EY.A547.01",25,"UCEC"
"TCGA.EY.A548.01",-7,"UCEC"
"TCGA.EY.A549.01",9,"UCEC"
"TCGA.EY.A54A.01",25,"UCEC"
"TCGA.EY.A5W2.01",15,"UCEC"
"TCGA.EY.A72D.01",21,"UCEC"
"TCGA.FI.A2EY.01",3,"UCEC"
"TCGA.FI.A3PV.01",7,"UCEC"
"TCGA.FI.A3PX.01",25,"UCEC"
"TCGA.H5.A2HR.01",17,"UCEC"
"TCGA.JU.AAVI.01",19,"UCEC"
"TCGA.K6.A3WQ.01",19,"UCEC"
"TCGA.KP.A3VZ.01",13,"UCEC"
"TCGA.KP.A3W0.01",9,"UCEC"
"TCGA.KP.A3W1.01",21,"UCEC"
"TCGA.KP.A3W3.01",-1,"UCEC"
"TCGA.KP.A3W4.01",-5,"UCEC"
"TCGA.PG.A5BC.01",21,"UCEC"
"TCGA.PG.A6IB.01",23,"UCEC"
"TCGA.PG.A7D5.01",17,"UCEC"
"TCGA.PG.A914.01",19,"UCEC"
"TCGA.PG.A915.01",21,"UCEC"
"TCGA.PG.A916.01",3,"UCEC"
"TCGA.PG.A917.01",3,"UCEC"
"TCGA.QF.A5YS.01",13,"UCEC"
"TCGA.QF.A5YT.01",23,"UCEC"
"TCGA.QS.A5YQ.01",9,"UCEC"
"TCGA.QS.A5YR.01",21,"UCEC"
"TCGA.QS.A744.01",25,"UCEC"
"TCGA.QS.A8F1.01",-3,"UCEC"
"TCGA.SJ.A6ZI.01",33,"UCEC"
"TCGA.SJ.A6ZJ.01",11,"UCEC"
"TCGA.SL.A6J9.01",33,"UCEC"
"TCGA.SL.A6JA.01",15,"UCEC"
